name,word_1_text,word_1_count,word_2_text,word_2_count,word_3_text,word_3_count,word_4_text,word_4_count,word_5_text,word_5_count,word_6_text,word_6_count,word_7_text,word_7_count,word_8_text,word_8_count,word_9_text,word_9_count,word_10_text,word_10_count,3gram_1_text,3gram_1_count,3gram_2_text,3gram_2_count,3gram_3_text,3gram_3_count,3gram_4_text,3gram_4_count,3gram_5_text,3gram_5_count,3gram_6_text,3gram_6_count,3gram_7_text,3gram_7_count,3gram_8_text,3gram_8_count,3gram_9_text,3gram_9_count,3gram_10_text,3gram_10_count,4gram_1_text,4gram_1_count,4gram_2_text,4gram_2_count,4gram_3_text,4gram_3_count,4gram_4_text,4gram_4_count,4gram_5_text,4gram_5_count,4gram_6_text,4gram_6_count,4gram_7_text,4gram_7_count,4gram_8_text,4gram_8_count,4gram_9_text,4gram_9_count,4gram_10_text,4gram_10_count,5gram_1_text,5gram_1_count,5gram_2_text,5gram_2_count,5gram_3_text,5gram_3_count,5gram_4_text,5gram_4_count,5gram_5_text,5gram_5_count,5gram_6_text,5gram_6_count,5gram_7_text,5gram_7_count,5gram_8_text,5gram_8_count,5gram_9_text,5gram_9_count,5gram_10_text,5gram_10_count
abradolph lincoler,know,3,dont,2,not,2,rick,1,brought,1,world,1,suffering,1,abomination,1,tortured,1,duality,1,rick you brought,1,you brought me,1,brought me into,1,me into this,1,into this world,1,this world a,1,world a suffering,1,a suffering abomination,1,suffering abomination tortured,1,abomination tortured by,1,rick you brought me,1,you brought me into,1,brought me into this,1,me into this world,1,into this world a,1,this world a suffering,1,world a suffering abomination,1,a suffering abomination tortured,1,suffering abomination tortured by,1,abomination tortured by the,1,rick you brought me into,1,you brought me into this,1,brought me into this world,1,me into this world a,1,into this world a suffering,1,this world a suffering abomination,1,world a suffering abomination tortured,1,a suffering abomination tortured by,1,suffering abomination tortured by the,1,abomination tortured by the duality,1
agency director,pickle,6,hes,3,man,3,building,2,shut,2,children,2,solenya,2,jaguar,2,helicopter,2,34,1,what is it,1,where is it,1,we have 34,1,have 34 armed,1,34 armed guards,1,armed guards and,1,guards and we,1,and we cant,1,we cant kill,1,cant kill a,1,we have 34 armed,1,have 34 armed guards,1,34 armed guards and,1,armed guards and we,1,guards and we cant,1,and we cant kill,1,we cant kill a,1,cant kill a pickle,1,put him on and,1,him on and locate,1,we have 34 armed guards,1,have 34 armed guards and,1,34 armed guards and we,1,armed guards and we cant,1,guards and we cant kill,1,and we cant kill a,1,we cant kill a pickle,1,put him on and locate,1,him on and locate the,1,on and locate the phone,1
agent #1,pickle,1,rat,1,both,1,seems,1,using,1,air,1,ducts,1,mail,1,tubes,1,get,1,a pickle a,1,pickle a rat,1,a rat both,1,it seems to,1,seems to be,1,to be using,1,be using the,1,using the air,1,the air ducts,1,air ducts and,1,a pickle a rat,1,pickle a rat both,1,it seems to be,1,seems to be using,1,to be using the,1,be using the air,1,using the air ducts,1,the air ducts and,1,air ducts and the,1,ducts and the mail,1,a pickle a rat both,1,it seems to be using,1,seems to be using the,1,to be using the air,1,be using the air ducts,1,using the air ducts and,1,the air ducts and the,1,air ducts and the mail,1,ducts and the mail tubes,1,and the mail tubes to,1
agent #2,solenya,2,hes,2,says,1,scientist,1,phone,1,coming,1,because,1,threw,1,halfway,1,sandwich,1,it says its,1,says its a,1,its a scientist,1,its on the,1,on the phone,1,solenya hes coming,1,hes coming its,1,coming its because,1,its because i,1,because i threw,1,it says its a,1,says its a scientist,1,its on the phone,1,solenya hes coming its,1,hes coming its because,1,coming its because i,1,its because i threw,1,because i threw halfway,1,i threw halfway my,1,threw halfway my sandwich,1,it says its a scientist,1,solenya hes coming its because,1,hes coming its because i,1,coming its because i threw,1,its because i threw halfway,1,because i threw halfway my,1,i threw halfway my sandwich,1,that money belongs to the,1,money belongs to the people,1,yes and the police are,1
alan,unspoken,3,train,2,one,2,good,2,motherfucker,2,back,2,two,2,yeah,2,wish,1,ability,1,i wish he,1,wish he had,1,he had the,1,had the ability,1,the ability to,1,ability to check,1,to check is,1,check is attitude,1,i couldve just,1,couldve just used,1,i wish he had,1,wish he had the,1,he had the ability,1,had the ability to,1,the ability to check,1,ability to check is,1,to check is attitude,1,i couldve just used,1,couldve just used a,1,just used a ghost,1,i wish he had the,1,wish he had the ability,1,he had the ability to,1,had the ability to check,1,the ability to check is,1,ability to check is attitude,1,i couldve just used a,1,couldve just used a ghost,1,just used a ghost train,1,son of a steam engine,1
alien,roy,3,know,3,guy,2,doesnt,2,detox,2,get,2,trying,2,eat,2,passing,1,sees,1,passing by sees,1,by sees rick,1,sees rick playing,1,rick playing roy,1,playing roy holy,1,roy holy shit,1,holy shit this,1,shit this guys,1,this guys taking,1,guys taking roy,1,passing by sees rick,1,by sees rick playing,1,sees rick playing roy,1,rick playing roy holy,1,playing roy holy shit,1,roy holy shit this,1,holy shit this guys,1,shit this guys taking,1,this guys taking roy,1,guys taking roy off,1,passing by sees rick playing,1,by sees rick playing roy,1,sees rick playing roy holy,1,rick playing roy holy shit,1,playing roy holy shit this,1,roy holy shit this guys,1,holy shit this guys taking,1,shit this guys taking roy,1,this guys taking roy off,1,guys taking roy off the,1
alien doctor,smith,5,alien,5,theres,4,hospital,3,got,3,mr,2,youre,2,another,2,jerry,2,mrs,2,an alien hospital,2,hundreds of billions,2,an alien towel,2,relax mr smith,1,mr smith youre,1,smith youre in,1,youre in an,1,in an alien,1,alien hospital i,1,hospital i mean,1,relax mr smith youre,1,mr smith youre in,1,smith youre in an,1,youre in an alien,1,in an alien hospital,1,an alien hospital i,1,alien hospital i mean,1,hospital i mean to,1,i mean to you,1,mean to you its,1,relax mr smith youre in,1,mr smith youre in an,1,smith youre in an alien,1,youre in an alien hospital,1,in an alien hospital i,1,an alien hospital i mean,1,alien hospital i mean to,1,hospital i mean to you,1,i mean to you its,1,mean to you its an,1
all,yeah,5,head,4,bent,4,raised,3,posterior,3,remember,3,barbecue,3,our,3,love,2,connection,2,head bent over,4,bent over raised,3,over raised up,3,raised up posterior,3,remember the barbecue,3,up posterior head,2,posterior head bent,2,love connection experience,2,the barbecue remember,2,barbecue remember the,2,head bent over raised,3,bent over raised up,3,over raised up posterior,3,raised up posterior head,2,up posterior head bent,2,posterior head bent over,2,remember the barbecue remember,2,the barbecue remember the,2,barbecue remember the barbecue,2,yeah we did it,1,head bent over raised up,3,bent over raised up posterior,3,over raised up posterior head,2,raised up posterior head bent,2,up posterior head bent over,2,remember the barbecue remember the,2,the barbecue remember the barbecue,2,posterior head bent over raised,1,yeah whoo awesome called it,1,whoo awesome called it thats,1
all mortys,rick,4,well,2,whoa,2,certain,2,time,2,know,2,dont,1,exactly,1,make,1,easy,1,well you dont,1,you dont exactly,1,dont exactly make,1,exactly make it,1,make it easy,1,it easy rick,1,rick what the,1,what the hell,1,the hell are,1,hell are you,1,well you dont exactly,1,you dont exactly make,1,dont exactly make it,1,exactly make it easy,1,make it easy rick,1,rick what the hell,1,what the hell are,1,the hell are you,1,hell are you doing,1,well if all of,1,well you dont exactly make,1,you dont exactly make it,1,dont exactly make it easy,1,exactly make it easy rick,1,rick what the hell are,1,what the hell are you,1,the hell are you doing,1,well if all of me,1,if all of me knocked,1,all of me knocked out,1
all ricks,youre,8,know,8,both,7,dont,7,time,6,two,5,about,5,belch,4,sit,4,alright,4,what the hell,2,you have to,2,the two of,2,two of you,2,to understand that,2,to kill me,2,in the cupboards,2,you think im,2,expect you to,2,you to understand,2,the two of you,2,expect you to understand,2,what the hell is,1,the hell is wrong,1,hell is wrong with,1,is wrong with you,1,wrong with you two,1,with you two ii,1,you two ii mi,1,two ii mi mi,1,what the hell is wrong,1,the hell is wrong with,1,hell is wrong with you,1,is wrong with you two,1,wrong with you two ii,1,with you two ii mi,1,you two ii mi mi,1,two ii mi mi mean,1,ii mi mi mean you,1,mi mi mean you four,1
all summers,right,2,yourself,2,well,2,way,2,not,2,ahh,1,holy,1,shit,1,tried,1,kill,1,holy shit now,1,shit now what,1,you tried to,1,tried to kill,1,to kill yourself,1,well is there,1,is there some,1,there some way,1,some way you,1,way you can,1,holy shit now what,1,you tried to kill,1,tried to kill yourself,1,well is there some,1,is there some way,1,there some way you,1,some way you can,1,way you can prove,1,you can prove youre,1,can prove youre not,1,you tried to kill yourself,1,well is there some way,1,is there some way you,1,there some way you can,1,some way you can prove,1,way you can prove youre,1,you can prove youre not,1,can prove youre not a,1,prove youre not a threat,1,youre not a threat to,1
annie,theyre,3,think,3,good,2,guys,2,hepatitis,2,new,2,ah,1,okay,1,oh,1,sitting,1,i think theyre,2,think theyre just,2,oh good for,1,good for you,1,were sitting ducks,1,whispering to morty,1,to morty you,1,morty you can,1,you can put,1,can put your,1,i think theyre just,2,oh good for you,1,whispering to morty you,1,to morty you can,1,morty you can put,1,you can put your,1,can put your fingers,1,put your fingers wherever,1,your fingers wherever you,1,fingers wherever you want,1,whispering to morty you can,1,to morty you can put,1,morty you can put your,1,you can put your fingers,1,can put your fingers wherever,1,put your fingers wherever you,1,your fingers wherever you want,1,if itll get us out,1,itll get us out of,1,get us out of here,1
announcer,roy,4,get,4,got,4,janmichael,3,vincents,3,only,3,parsons,2,chitz,2,uh,2,one,2,get on over,2,the glarp zone,2,glarp zone is,2,zone is for,2,is for flarping,2,for flarping and,2,flarping and unglarping,2,and unglarping only,2,spiraling perfectly its,1,perfectly its gonna,1,the glarp zone is,2,glarp zone is for,2,zone is for flarping,2,is for flarping and,2,for flarping and unglarping,2,flarping and unglarping only,2,spiraling perfectly its gonna,1,perfectly its gonna be,1,its gonna be caught,1,gonna be caught by,1,the glarp zone is for,2,glarp zone is for flarping,2,zone is for flarping and,2,is for flarping and unglarping,2,for flarping and unglarping only,2,spiraling perfectly its gonna be,1,perfectly its gonna be caught,1,its gonna be caught by,1,gonna be caught by roy,1,be caught by roy parsons,1
army general,go,3,10,2,seconds,1,get,1,ship,1,eight,1,seven,1,six,1,five,1,holy,1,go go go,1,you have 10,1,have 10 seconds,1,10 seconds to,1,seconds to get,1,to get out,1,get out of,1,out of the,1,of the ship,1,the ship 10,1,you have 10 seconds,1,have 10 seconds to,1,10 seconds to get,1,seconds to get out,1,to get out of,1,get out of the,1,out of the ship,1,of the ship 10,1,the ship 10 9,1,all right thats it,1,you have 10 seconds to,1,have 10 seconds to get,1,10 seconds to get out,1,seconds to get out of,1,to get out of the,1,get out of the ship,1,out of the ship 10,1,of the ship 10 9,1,all right thats it move,1,right thats it move out,1
arthricia,get,6,oh,5,dont,4,festival,4,help,3,back,3,want,3,feels,3,good,3,somebody,2,it feels good,3,end the festival,2,dont want to,2,oh it feels,2,i have a,2,have a boyfriend,2,get away from,1,away from me,1,from me no,1,me no no,1,oh it feels good,2,i have a boyfriend,2,get away from me,1,away from me no,1,from me no no,1,me no no help,1,no no help somebody,1,no help somebody help,1,help somebody help me,1,somebody help me aah,1,get away from me no,1,away from me no no,1,from me no no help,1,me no no help somebody,1,no no help somebody help,1,no help somebody help me,1,help somebody help me aah,1,yes i have to find,1,i have to find somewhere,1,have to find somewhere to,1
beta-7,unity,3,classified,2,hostile,2,entity,2,bad,1,time,1,present,1,lifeforms,1,assimilated,1,rick,1,classified as a,2,as a hostile,2,a hostile entity,2,unity is it,1,is it a,1,it a bad,1,a bad time,1,bad time are,1,time are all,1,are all present,1,classified as a hostile,2,as a hostile entity,2,unity is it a,1,is it a bad,1,it a bad time,1,a bad time are,1,bad time are all,1,time are all present,1,are all present lifeforms,1,all present lifeforms assimilated,1,classified as a hostile entity,2,unity is it a bad,1,is it a bad time,1,it a bad time are,1,a bad time are all,1,bad time are all present,1,time are all present lifeforms,1,are all present lifeforms assimilated,1,rick sanchez unity has spoken,1,sanchez unity has spoken of,1
beth,jerry,61,dad,46,dont,44,oh,37,not,36,youre,35,know,31,okay,28,morty,23,thats,22,i dont know,7,what do you,6,what are you,6,what the hell,5,are you okay,4,supposed to be,4,do you see,4,morty are you,3,we have to,3,to have you,3,jerry get a job,2,i squanch my family,2,what the hell is,2,morty are you okay,2,dad what do you,2,please dont do this,2,what are you doing,2,you cling and you,2,cling and you cling,2,open the door open,2,you cling and you cling,2,open the door open the,2,the door open the door,2,do you want me to,2,you want me to be,2,no hold on stay courier,1,hold on stay courier flaps,1,dad you have a friend,1,you have a friend thats,1,have a friend thats getting,1
big morty,cop,8,morty,7,rick,4,bad,2,mortys,2,about,2,both,2,ah,1,bubblah,1,howd,1,ah bubblah howd,1,bubblah howd it,1,howd it go,1,it go with,1,go with the,1,with the mortytown,1,the mortytown locos,1,those were bad,1,were bad mortys,1,bad mortys very,1,ah bubblah howd it,1,bubblah howd it go,1,howd it go with,1,it go with the,1,go with the mortytown,1,with the mortytown locos,1,those were bad mortys,1,were bad mortys very,1,bad mortys very bad,1,mortys very bad mortys,1,ah bubblah howd it go,1,bubblah howd it go with,1,howd it go with the,1,it go with the mortytown,1,go with the mortytown locos,1,those were bad mortys very,1,were bad mortys very bad,1,bad mortys very bad mortys,1,mortys very bad mortys snaps,1,very bad mortys snaps his,1
birdperson,tammy,5,morty,5,rick,4,know,4,am,3,birdperson,3,means,3,believe,2,gun,2,help,2,to abandon rick,2,tammy what are,1,what are you,1,are you doing,1,you doing here,1,you appear to,1,appear to be,1,to be dying,1,be dying i,1,dying i will,1,tammy what are you,1,what are you doing,1,are you doing here,1,you appear to be,1,appear to be dying,1,to be dying i,1,be dying i will,1,dying i will make,1,i will make efforts,1,will make efforts to,1,tammy what are you doing,1,what are you doing here,1,you appear to be dying,1,appear to be dying i,1,to be dying i will,1,be dying i will make,1,dying i will make efforts,1,i will make efforts to,1,will make efforts to prevent,1,make efforts to prevent this,1
blim blam,am,3,rick,3,cure,3,know,3,uh,2,blim,2,blam,2,babies,2,planet,2,disease,2,to this planet,2,the two of,2,two of you,2,um first of,1,first of all,1,of all hello,1,all hello uh,1,hello uh my,1,uh my name,1,my name is,1,the two of you,2,um first of all,1,first of all hello,1,of all hello uh,1,all hello uh my,1,hello uh my name,1,uh my name is,1,my name is blim,1,name is blim blam,1,is blim blam the,1,um first of all hello,1,first of all hello uh,1,of all hello uh my,1,all hello uh my name,1,hello uh my name is,1,uh my name is blim,1,my name is blim blam,1,name is blim blam the,1,is blim blam the korblok,1,blim blam the korblok second,1
both ricks,time,5,oh,3,both,3,about,3,guys,2,assume,2,theyre,2,us,2,get,2,probably,2,in both possibilities,2,oh god oh,1,god oh no,1,oh no what,1,no what did,1,what did you,1,did you guys,1,you guys just,1,guys just do,1,i assume theyre,1,oh god oh no,1,god oh no what,1,oh no what did,1,no what did you,1,what did you guys,1,did you guys just,1,you guys just do,1,i assume theyre schrödingers,1,assume theyre schrödingers cats,1,theyre schrödingers cats aactually,1,oh god oh no what,1,god oh no what did,1,oh no what did you,1,no what did you guys,1,what did you guys just,1,did you guys just do,1,i assume theyre schrödingers cats,1,assume theyre schrödingers cats aactually,1,theyre schrödingers cats aactually i,1,schrödingers cats aactually i assume,1
brad,jessica,3,man,3,wait,2,stay,2,morty,2,somethin,2,special,2,sneeze,2,whats,2,butts,1,butts in in,1,in in front,1,in front of,1,front of jessica,1,of jessica what,1,jessica what are,1,what are you,1,are you doing,1,wait wait were,1,wait were you,1,butts in in front,1,in in front of,1,in front of jessica,1,front of jessica what,1,of jessica what are,1,jessica what are you,1,what are you doing,1,wait wait were you,1,wait were you about,1,were you about to,1,butts in in front of,1,in in front of jessica,1,in front of jessica what,1,front of jessica what are,1,of jessica what are you,1,jessica what are you doing,1,wait wait were you about,1,wait were you about to,1,were you about to talk,1,you about to talk to,1
business man,hey,3,thats,2,excuse,1,help,1,stuff,1,calling,1,security,1,,0,,0,,0,excuse me can,1,me can i,1,can i help,1,i help you,1,hey hey hey,1,hey hey thats,1,hey thats my,1,thats my stuff,1,thats it im,1,it im calling,1,excuse me can i,1,me can i help,1,can i help you,1,hey hey hey thats,1,hey hey thats my,1,hey thats my stuff,1,thats it im calling,1,it im calling security,1,,0,,0,excuse me can i help,1,me can i help you,1,hey hey hey thats my,1,hey hey thats my stuff,1,thats it im calling security,1,,0,,0,,0,,0,,0
campaign manager morty,his,3,sir,2,race,2,dont,2,faith,2,please,2,believe,2,ii,2,gotta,2,campaign,2,we had a,1,had a good,1,a good run,1,good run sir,1,run sir but,1,sir but i,1,but i think,1,i think its,1,think its time,1,its time to,1,we had a good,1,had a good run,1,a good run sir,1,good run sir but,1,run sir but i,1,sir but i think,1,but i think its,1,i think its time,1,think its time to,1,its time to pull,1,we had a good run,1,had a good run sir,1,a good run sir but,1,good run sir but i,1,run sir but i think,1,sir but i think its,1,but i think its time,1,i think its time to,1,think its time to pull,1,its time to pull out,1
candidate morty,mortys,9,see,8,ricks,8,rick,4,citadel,3,our,3,citadels,3,dont,2,us,2,same,2,ricks and mortys,6,the ricks and,5,i see it,4,and mortys that,3,see it in,3,it in our,3,the citadels problem,2,from the ricks,2,im okay im,2,i feel pretty,1,the ricks and mortys,5,ricks and mortys that,3,i see it in,3,see it in our,3,from the ricks and,2,i feel pretty confident,1,feel pretty confident about,1,pretty confident about tonights,1,confident about tonights debate,1,maybe you should find,1,the ricks and mortys that,3,i see it in our,3,from the ricks and mortys,2,i feel pretty confident about,1,feel pretty confident about tonights,1,pretty confident about tonights debate,1,maybe you should find a,1,you should find a little,1,should find a little faith,1,find a little faith young,1
comedian,him,5,forget,4,about,4,ba,4,welcome,2,funny,2,audience,2,oh,2,da,2,take,2,ba da ba,2,take him out,2,him out of,2,out of here,2,welcome back to,1,back to funny,1,to funny songs,1,funny songs its,1,songs its all,1,its all improvised,1,welcome back to funny,1,back to funny songs,1,to funny songs its,1,funny songs its all,1,songs its all improvised,1,its all improvised its,1,all improvised its very,1,improvised its very funny,1,its very funny i,1,very funny i need,1,welcome back to funny songs,1,back to funny songs its,1,to funny songs its all,1,funny songs its all improvised,1,songs its all improvised its,1,its all improvised its very,1,all improvised its very funny,1,improvised its very funny i,1,its very funny i need,1,very funny i need a,1
cop morty,rick,9,his,5,geez,5,morty,5,one,4,get,4,mortys,4,aw,4,about,4,dont,4,call me a,2,me a sidekick,2,i want to,2,a rick partner,1,rick partner lesson,1,partner lesson one,1,lesson one rookie,1,one rookie expect,1,rookie expect the,1,expect the unexpected,1,call me a sidekick,2,a rick partner lesson,1,rick partner lesson one,1,partner lesson one rookie,1,lesson one rookie expect,1,one rookie expect the,1,rookie expect the unexpected,1,expect the unexpected now,1,the unexpected now get,1,unexpected now get in,1,a rick partner lesson one,1,rick partner lesson one rookie,1,partner lesson one rookie expect,1,lesson one rookie expect the,1,one rookie expect the unexpected,1,rookie expect the unexpected now,1,expect the unexpected now get,1,the unexpected now get in,1,get the fuck off the,1,the fuck off the car,1
cop rick,morty,13,right,4,thats,3,cop,3,got,3,bad,3,mortys,2,mortytown,2,codes,2,violated,2,oh ssorry i,1,ssorry i was,1,i was expecting,1,thats pretty harsh,1,pretty harsh sir,1,look im just,1,im just saying,1,just saying makes,1,saying makes me,1,makes me a,1,oh ssorry i was,1,ssorry i was expecting,1,thats pretty harsh sir,1,look im just saying,1,im just saying makes,1,just saying makes me,1,saying makes me a,1,makes me a little,1,me a little sad,1,a little sad to,1,oh ssorry i was expecting,1,look im just saying makes,1,im just saying makes me,1,just saying makes me a,1,saying makes me a little,1,makes me a little sad,1,me a little sad to,1,a little sad to hear,1,little sad to hear a,1,sad to hear a morty,1
cornvelious daniel,rick,5,memory,4,want,3,portal,3,his,3,said,2,know,2,get,2,brainalyzer,2,oh,2,your brain is,2,pull me out,2,its a trap,2,a trap abort,2,we never left,2,never left his,2,man i told,1,i told the,1,told the money,1,the money bugs,1,its a trap abort,2,we never left his,2,man i told the,1,i told the money,1,told the money bugs,1,the money bugs i,1,money bugs i said,1,bugs i said you,1,i said you know,1,said you know who,1,man i told the money,1,i told the money bugs,1,told the money bugs i,1,the money bugs i said,1,money bugs i said you,1,bugs i said you know,1,i said you know who,1,said you know who this,1,you know who this guy,1,know who this guy is,1
cromulon,planet,6,show,5,got,5,disqualified,5,music,3,them,2,us,2,five,2,planets,2,one,2,what you got,3,show us what,2,show me what,2,me what you,2,we asked them,1,asked them to,1,them to show,1,to show us,1,us what they,1,what they got,1,show me what you,2,me what you got,2,we asked them to,1,asked them to show,1,them to show us,1,to show us what,1,show us what they,1,us what they got,1,what they got and,1,they got and they,1,show me what you got,2,we asked them to show,1,asked them to show us,1,them to show us what,1,to show us what they,1,show us what they got,1,us what they got and,1,what they got and they,1,they got and they did,1,got and they did now,1
crowd,noobnoob,2,woot,2,yeah,2,youtube,1,boo,1,excited,1,,0,,0,,0,,0,woot yeah woot,1,yeah woot excited,1,,0,,0,,0,,0,,0,,0,,0,,0,woot yeah woot excited,1,,0,,0,,0,,0,,0,,0,,0,,0,,0,,0,,0,,0,,0,,0,,0,,0,,0,,0,,0
doofus rick,jerry,11,rick,4,help,3,well,3,not,3,thats,3,love,3,em,3,guess,3,value,3,eric stoltz mask,2,oh you are,1,you are whwhwhat,1,are whwhwhat do,1,whwhwhat do you,1,do you do,1,advertising wow so,1,wow so people,1,so people need,1,people need help,1,oh you are whwhwhat,1,you are whwhwhat do,1,are whwhwhat do you,1,whwhwhat do you do,1,advertising wow so people,1,wow so people need,1,so people need help,1,people need help figuring,1,need help figuring out,1,help figuring out what,1,oh you are whwhwhat do,1,you are whwhwhat do you,1,are whwhwhat do you do,1,advertising wow so people need,1,wow so people need help,1,so people need help figuring,1,people need help figuring out,1,need help figuring out what,1,help figuring out what to,1,figuring out what to buy,1
dr. bloom,thats,5,morty,5,poncho,4,dont,4,system,4,us,4,get,4,annie,3,scar,3,tuberculosis,3,the bone train,3,the scar tissue,2,get to the,2,the digestive tract,2,the body is,2,would you like,2,you like to,2,like to ride,2,to ride the,2,ride the bone,2,would you like to,2,you like to ride,2,like to ride the,2,to ride the bone,2,ride the bone train,2,poncho thats quite enough,1,morty thats poncho this,1,thats poncho this is,1,poncho this is roger,1,this is roger and,1,would you like to ride,2,you like to ride the,2,like to ride the bone,2,to ride the bone train,2,morty thats poncho this is,1,thats poncho this is roger,1,poncho this is roger and,1,this is roger and annie,1,and i am dr xenon,1,i am dr xenon bloom,1
dr. wong,think,11,family,7,pickle,5,about,4,come,3,grandpa,3,way,3,syringe,3,rick,3,mind,3,i think its,3,you chose to,3,himself into a,2,into a pickle,2,in the syringe,2,think its possible,2,its possible that,2,what do you,2,do you think,2,your family is,2,himself into a pickle,2,i think its possible,2,think its possible that,2,smith family im dr,1,family im dr wong,1,im dr wong come,1,dr wong come on,1,wong come on in,1,i was told there,1,was told there was,1,i think its possible that,2,smith family im dr wong,1,family im dr wong come,1,im dr wong come on,1,dr wong come on in,1,i was told there was,1,was told there was a,1,told there was a grandpa,1,there was a grandpa that,1,was a grandpa that might,1
drunk rick,know,9,vindicators,7,one,6,dont,6,okay,5,youre,4,shit,4,thing,4,their,4,thats,4,thats a threepointer,4,the vindicators are,3,congrats you did,3,you did it,3,is to fight,2,to rest my,2,check check one,1,check one two,1,one two okay,1,two okay is,1,congrats you did it,3,check check one two,1,check one two okay,1,one two okay is,1,two okay is it,1,okay is it recording,1,is it recording good,1,it recording good hello,1,recording good hello vindicators,1,good hello vindicators welcome,1,check check one two okay,1,check one two okay is,1,one two okay is it,1,two okay is it recording,1,okay is it recording good,1,is it recording good hello,1,it recording good hello vindicators,1,recording good hello vindicators welcome,1,good hello vindicators welcome to,1,hello vindicators welcome to your,1
eli,ha,2,summer,2,begins,1,pretties,1,whoo,1,unbelievable,1,new,1,champ,1,wants,1,hi,1,and so it,1,so it begins,1,it begins my,1,begins my pretties,1,ha ha whoo,1,ha whoo unbelievable,1,whoo unbelievable a,1,unbelievable a new,1,a new champ,1,and he wants,1,and so it begins,1,so it begins my,1,it begins my pretties,1,ha ha whoo unbelievable,1,ha whoo unbelievable a,1,whoo unbelievable a new,1,unbelievable a new champ,1,and he wants more,1,hi there summer how,1,there summer how were,1,and so it begins my,1,so it begins my pretties,1,ha ha whoo unbelievable a,1,ha whoo unbelievable a new,1,whoo unbelievable a new champ,1,hi there summer how were,1,there summer how were the,1,summer how were the ruins,1,how were the ruins today,1,uh summer one more thing,1
ethan,summer,5,feel,2,his,2,eyes,2,cant,2,girl,2,pardon,1,mr,1,mrs,1,smith,1,pardon mr and,1,mr and mrs,1,and mrs smith,1,mrs smith summer,1,smith summer are,1,summer are you,1,are you coming,1,you coming to,1,coming to the,1,to the ascension,1,pardon mr and mrs,1,mr and mrs smith,1,and mrs smith summer,1,mrs smith summer are,1,smith summer are you,1,summer are you coming,1,are you coming to,1,you coming to the,1,coming to the ascension,1,ive been texting you,1,pardon mr and mrs smith,1,mr and mrs smith summer,1,and mrs smith summer are,1,mrs smith summer are you,1,smith summer are you coming,1,summer are you coming to,1,are you coming to the,1,you coming to the ascension,1,ive been texting you for,1,been texting you for hours,1
evil rick,rick,6,youre,5,not,5,see,3,right,3,look,2,isnt,2,thats,2,morty,2,think,2,ooh look at,1,look at you,1,at you c137,1,you c137 youre,1,c137 youre arent,1,youre arent you,1,arent you a,1,you a tough,1,a tough customer,1,not in this,1,ooh look at you,1,look at you c137,1,at you c137 youre,1,you c137 youre arent,1,c137 youre arent you,1,youre arent you a,1,arent you a tough,1,you a tough customer,1,not in this dimension,1,in this dimension it,1,ooh look at you c137,1,look at you c137 youre,1,at you c137 youre arent,1,you c137 youre arent you,1,c137 youre arent you a,1,youre arent you a tough,1,arent you a tough customer,1,not in this dimension it,1,in this dimension it isnt,1,this dimension it isnt in,1
eyehole man,eyeholes,6,eyehole,4,man,4,give,3,get,2,only,1,one,1,allowed,1,outta,1,,0,give me my,3,me my eyeholes,3,im the eyehole,2,the eyehole man,2,here with my,2,with my eyeholes,2,im eyehole man,2,eyehole man im,1,man im the,1,im the only,1,give me my eyeholes,3,im the eyehole man,2,here with my eyeholes,2,the eyehole man im,1,eyehole man im the,1,man im the only,1,im the only one,1,the only one whose,1,only one whose allowed,1,one whose allowed to,1,im the eyehole man im,1,the eyehole man im the,1,eyehole man im the only,1,man im the only one,1,im the only one whose,1,the only one whose allowed,1,only one whose allowed to,1,one whose allowed to have,1,whose allowed to have eyeholes,1,allowed to have eyeholes get,1
fake doors salesman,,0,,0,,0,,0,,0,,0,,0,,0,,0,,0,,0,,0,,0,,0,,0,,0,,0,,0,,0,,0,,0,,0,,0,,0,,0,,0,,0,,0,,0,,0,,0,,0,,0,,0,,0,,0,,0,,0,,0,,0
fart,life,7,call,7,morty,7,moonmen,7,goodbye,6,through,4,la,4,fart,3,am,3,one,3,what you call,6,cosmos without hatred,3,more are coming,2,in what you,2,la la la,2,the world can,2,world can be,2,can be one,2,be one together,2,one together cosmos,2,in what you call,2,the world can be,2,world can be one,2,can be one together,2,be one together cosmos,2,one together cosmos without,2,together cosmos without hatred,2,cosmos without hatred stars,2,without hatred stars like,2,hatred stars like diamonds,2,the world can be one,2,world can be one together,2,can be one together cosmos,2,be one together cosmos without,2,one together cosmos without hatred,2,together cosmos without hatred stars,2,cosmos without hatred stars like,2,without hatred stars like diamonds,2,hatred stars like diamonds in,2,stars like diamonds in your,2
fat morty,morty,4,portal,3,wishing,2,slick,2,wish,2,his,2,panini,2,maker,2,not,1,myth,1,the wishing portal,2,its not a,1,not a myth,1,a myth mmmy,1,myth mmmy first,1,mmmy first ricks,1,first ricks fourth,1,ricks fourth morty,1,fourth morty knew,1,morty knew a,1,its not a myth,1,not a myth mmmy,1,a myth mmmy first,1,myth mmmy first ricks,1,mmmy first ricks fourth,1,first ricks fourth morty,1,ricks fourth morty knew,1,fourth morty knew a,1,morty knew a rick,1,knew a rick whose,1,its not a myth mmmy,1,not a myth mmmy first,1,a myth mmmy first ricks,1,myth mmmy first ricks fourth,1,mmmy first ricks fourth morty,1,first ricks fourth morty knew,1,ricks fourth morty knew a,1,fourth morty knew a rick,1,morty knew a rick whose,1,knew a rick whose morty,1
flippynips,pluto,5,jerry,4,planet,4,cold,4,people,2,scientist,2,about,2,ooh,2,plutonimo,2,bay,2,pluto is a,2,is a cold,2,a cold cold,2,im king flippynips,1,king flippynips ruler,1,flippynips ruler of,1,ruler of pluto,1,we discovered you,1,discovered you quite,1,you quite by,1,pluto is a cold,2,is a cold cold,2,im king flippynips ruler,1,king flippynips ruler of,1,flippynips ruler of pluto,1,we discovered you quite,1,discovered you quite by,1,you quite by accident,1,quite by accident during,1,by accident during routine,1,pluto is a cold cold,2,im king flippynips ruler of,1,king flippynips ruler of pluto,1,we discovered you quite by,1,discovered you quite by accident,1,you quite by accident during,1,quite by accident during routine,1,by accident during routine surveillance,1,accident during routine surveillance of,1,during routine surveillance of your,1
frankenstein,rick,3,about,2,paranoid,2,guess,1,take,1,back,1,said,1,british,1,cuisine,1,sure,1,i guess i,1,guess i take,1,i take back,1,take back what,1,back what i,1,what i said,1,i said about,1,said about british,1,about british cuisine,1,you sure about,1,i guess i take,1,guess i take back,1,i take back what,1,take back what i,1,back what i said,1,what i said about,1,i said about british,1,said about british cuisine,1,you sure about that,1,sure about that rick,1,i guess i take back,1,guess i take back what,1,i take back what i,1,take back what i said,1,back what i said about,1,what i said about british,1,i said about british cuisine,1,you sure about that rick,1,i will admit its suspicious,1,will admit its suspicious that,1
gearhead,gears,4,years,3,rick,3,wars,3,gear,3,about,3,really,2,entire,2,people,2,calling,2,the gear wars,2,your geldon convertor,1,geldon convertor is,1,convertor is pretty,1,is pretty dinged,1,pretty dinged up,1,actually its because,1,its because of,1,because of years,1,of years of,1,your geldon convertor is,1,geldon convertor is pretty,1,convertor is pretty dinged,1,is pretty dinged up,1,actually its because of,1,its because of years,1,because of years of,1,of years of neglect,1,years of neglect you,1,of neglect you really,1,your geldon convertor is pretty,1,geldon convertor is pretty dinged,1,convertor is pretty dinged up,1,actually its because of years,1,its because of years of,1,because of years of neglect,1,of years of neglect you,1,years of neglect you really,1,of neglect you really need,1,neglect you really need to,1
glasses morty,slick,2,maybe,2,thats,1,myth,1,too,1,implant,1,isnt,1,okay,1,also,1,roll,1,thats a myth,1,slick that implant,1,that implant isnt,1,implant isnt who,1,isnt who you,1,who you are,1,you are okay,1,are okay you,1,okay you also,1,you also roll,1,slick that implant isnt,1,that implant isnt who,1,implant isnt who you,1,isnt who you are,1,who you are okay,1,you are okay you,1,are okay you also,1,okay you also roll,1,you also roll up,1,also roll up your,1,slick that implant isnt who,1,that implant isnt who you,1,implant isnt who you are,1,isnt who you are okay,1,who you are okay you,1,you are okay you also,1,are okay you also roll,1,okay you also roll up,1,you also roll up your,1,also roll up your sleeves,1
goldenfold,oh,2,jamba,2,juice,2,know,2,made,2,stop,1,name,1,thats,1,disarming,1,lonely,1,oh when did,1,when did this,1,did this stop,1,this stop being,1,stop being jamba,1,being jamba juice,1,you know my,1,know my name,1,my name thats,1,name thats disarming,1,oh when did this,1,when did this stop,1,did this stop being,1,this stop being jamba,1,stop being jamba juice,1,you know my name,1,know my name thats,1,my name thats disarming,1,you know it has,1,know it has been,1,oh when did this stop,1,when did this stop being,1,did this stop being jamba,1,this stop being jamba juice,1,you know my name thats,1,know my name thats disarming,1,you know it has been,1,know it has been lonely,1,it has been lonely since,1,has been lonely since the,1
gromflomite,open,2,fire,2,through,2,go,2,new,2,machine,2,drop,1,gun,1,guess,1,makes,1,drop the gun,1,i guess that,1,guess that makes,1,that makes two,1,makes two of,1,two of us,1,of us fires,1,us fires up,1,fires up his,1,up his weapon,1,i guess that makes,1,guess that makes two,1,that makes two of,1,makes two of us,1,two of us fires,1,of us fires up,1,us fires up his,1,fires up his weapon,1,get out of the,1,out of the vehicle,1,i guess that makes two,1,guess that makes two of,1,that makes two of us,1,makes two of us fires,1,two of us fires up,1,of us fires up his,1,us fires up his weapon,1,get out of the vehicle,1,out of the vehicle made,1,of the vehicle made of,1
gromflomite worker,yes,3,hard,1,tell,1,manifested,1,sort,1,butt,1,smartest,1,man,1,universe,1,transition,1,its hard to,1,hard to tell,1,to tell he,1,tell he may,1,he may have,1,may have manifested,1,have manifested some,1,manifested some sort,1,some sort of,1,sort of butt,1,its hard to tell,1,hard to tell he,1,to tell he may,1,tell he may have,1,he may have manifested,1,may have manifested some,1,have manifested some sort,1,manifested some sort of,1,some sort of butt,1,he is the smartest,1,its hard to tell he,1,hard to tell he may,1,to tell he may have,1,tell he may have manifested,1,he may have manifested some,1,may have manifested some sort,1,have manifested some sort of,1,manifested some sort of butt,1,he is the smartest man,1,is the smartest man in,1
guy,sundown,2,general,1,store,1,ought,1,need,1,course,1,youll,1,wanting,1,gone,1,festival,1,the general store,1,general store ought,1,store ought to,1,ought to have,1,to have what,1,have what you,1,what you need,1,of course youll,1,course youll be,1,youll be wanting,1,the general store ought,1,general store ought to,1,store ought to have,1,ought to have what,1,to have what you,1,have what you need,1,of course youll be,1,course youll be wanting,1,youll be wanting to,1,be wanting to be,1,the general store ought to,1,general store ought to have,1,store ought to have what,1,ought to have what you,1,to have what you need,1,of course youll be wanting,1,course youll be wanting to,1,youll be wanting to be,1,be wanting to be gone,1,wanting to be gone from,1
hemorrhage,us,5,dont,3,one,3,ding,3,weak,2,blood,2,our,2,only,2,think,2,leave,2,i think i,2,there is no,2,i am hemorrhage,1,am hemorrhage you,1,hemorrhage you have,1,you have removed,1,have removed weak,1,removed weak blood,1,weak blood from,1,blood from us,1,i am hemorrhage you,1,am hemorrhage you have,1,hemorrhage you have removed,1,you have removed weak,1,have removed weak blood,1,removed weak blood from,1,weak blood from us,1,blood from us and,1,from us and made,1,us and made us,1,i am hemorrhage you have,1,am hemorrhage you have removed,1,hemorrhage you have removed weak,1,you have removed weak blood,1,have removed weak blood from,1,removed weak blood from us,1,weak blood from us and,1,blood from us and made,1,from us and made us,1,us and made us stronger,1
ice-t,man,4,care,3,right,2,hes,2,lobster,2,one,2,ready,2,damn,2,get,2,shit,2,a squeegee comes,1,squeegee comes up,1,comes up from,1,up from the,1,from the garage,1,the garage right,1,garage right and,1,right and hes,1,and hes got,1,hes got a,1,a squeegee comes up,1,squeegee comes up from,1,comes up from the,1,up from the garage,1,from the garage right,1,the garage right and,1,garage right and hes,1,right and hes got,1,and hes got a,1,hes got a lobster,1,a squeegee comes up from,1,squeegee comes up from the,1,comes up from the garage,1,up from the garage right,1,from the garage right and,1,the garage right and hes,1,garage right and hes got,1,right and hes got a,1,and hes got a lobster,1,hes got a lobster in,1
jacob,jerry,4,man,4,oh,3,apron,2,got,2,christmas,2,food,2,mouth,2,puts,2,hand,2,and puts a,2,puts a hand,2,wheres the anger,2,the anger coming,2,anger coming from,2,you must be,1,must be jerry,1,be jerry thats,1,jerry thats a,1,thats a fine,1,and puts a hand,2,wheres the anger coming,2,the anger coming from,2,you must be jerry,1,must be jerry thats,1,be jerry thats a,1,jerry thats a fine,1,thats a fine lookin,1,a fine lookin apron,1,fine lookin apron william,1,wheres the anger coming from,2,you must be jerry thats,1,must be jerry thats a,1,be jerry thats a fine,1,jerry thats a fine lookin,1,thats a fine lookin apron,1,a fine lookin apron william,1,fine lookin apron william sonoma,1,now we are talkin this,1,we are talkin this mans,1
jaguar,pickle,4,man,3,never,2,freedom,1,while,1,leader,1,breathes,1,our,1,country,1,prison,1,there is no,1,is no freedom,1,no freedom while,1,freedom while your,1,while your leader,1,your leader breathes,1,leader breathes our,1,breathes our country,1,our country is,1,country is a,1,there is no freedom,1,is no freedom while,1,no freedom while your,1,freedom while your leader,1,while your leader breathes,1,your leader breathes our,1,leader breathes our country,1,breathes our country is,1,our country is a,1,country is a prison,1,there is no freedom while,1,is no freedom while your,1,no freedom while your leader,1,freedom while your leader breathes,1,while your leader breathes our,1,your leader breathes our country,1,leader breathes our country is,1,breathes our country is a,1,our country is a prison,1,pickle man you should know,1
jerry,not,60,youre,51,well,50,know,44,rick,43,oh,38,dont,35,okay,33,about,32,beth,32,you know what,8,oh my god,7,what the hell,6,davin davin davin,6,you guys are,5,its not a,4,what do you,4,im a good,4,a good person,4,i want to,4,davin davin davin davin,5,im a good person,4,we got to get,3,pluto is a planet,3,no matter how much,2,matter how much it,2,i wasnt paying attention,2,thing out of place,2,you dont have to,2,come on this is,2,davin davin davin davin davin,4,no matter how much it,2,your relationship with your father,2,relationship with your father is,2,we got to get out,2,all the bad stuff you,2,the bad stuff you did,2,bad stuff you did to,2,it can be a planet,2,int smith residence rick and,2
jerry-sitter,well,2,oh,2,tube,2,look,1,fella,1,pinches,1,jerrys,1,cheek,1,arent,1,handsome,1,well look at,1,look at this,1,at this fella,1,this fella pinches,1,fella pinches jerrys,1,pinches jerrys cheek,1,jerrys cheek arent,1,cheek arent you,1,arent you handsome,1,as if speaking,1,well look at this,1,look at this fella,1,at this fella pinches,1,this fella pinches jerrys,1,fella pinches jerrys cheek,1,pinches jerrys cheek arent,1,jerrys cheek arent you,1,cheek arent you handsome,1,as if speaking to,1,if speaking to a,1,well look at this fella,1,look at this fella pinches,1,at this fella pinches jerrys,1,this fella pinches jerrys cheek,1,fella pinches jerrys cheek arent,1,pinches jerrys cheek arent you,1,jerrys cheek arent you handsome,1,as if speaking to a,1,if speaking to a child,1,speaking to a child oh,1
jessica,morty,15,know,6,him,6,them,6,love,4,brad,4,dont,3,think,3,mean,3,really,3,you know what,3,i mean really,2,how do you,2,do you know,2,know what i,2,i love you,2,leave him alone,2,i dont know,1,dont know i,1,know i think,1,you know what i,2,i dont know i,1,dont know i think,1,know i think id,1,i think id like,1,think id like to,1,id like to be,1,like to be on,1,to be on my,1,be on my own,1,i dont know i think,1,dont know i think id,1,know i think id like,1,i think id like to,1,think id like to be,1,id like to be on,1,like to be on my,1,to be on my own,1,be on my own for,1,on my own for a,1
kiara,varrix,2,hunt,2,celebrate,2,learn,1,uloo,1,chaimuntolo,1,younglings,1,fathers,1,mind,1,holds,1,you have much,1,have much to,1,much to learn,1,to learn my,1,learn my uloo,1,your fathers mind,1,fathers mind holds,1,mind holds love,1,holds love for,1,love for you,1,you have much to,1,have much to learn,1,much to learn my,1,to learn my uloo,1,your fathers mind holds,1,fathers mind holds love,1,mind holds love for,1,holds love for you,1,love for you i,1,for you i am,1,you have much to learn,1,have much to learn my,1,much to learn my uloo,1,your fathers mind holds love,1,fathers mind holds love for,1,mind holds love for you,1,holds love for you i,1,love for you i am,1,for you i am humbled,1,you i am humbled to,1
kyle,universe,5,not,2,wont,2,other,2,made,2,guy,2,once,1,learn,1,accelerate,1,temporal,1,made a universe,2,a universe and,2,universe and that,2,and that guy,2,its not much,1,not much now,1,much now but,1,now but once,1,but once i,1,once i learn,1,made a universe and,2,universe and that guy,2,its not much now,1,not much now but,1,much now but once,1,now but once i,1,but once i learn,1,once i learn to,1,i learn to accelerate,1,learn to accelerate the,1,its not much now but,1,not much now but once,1,much now but once i,1,now but once i learn,1,but once i learn to,1,once i learn to accelerate,1,i learn to accelerate the,1,learn to accelerate the temporal,1,to accelerate the temporal field,1,accelerate the temporal field ill,1
large man,food,3,oh,1,sure,1,while,1,making,1,everyone,1,takes,1,care,1,kids,1,extra,1,i do but,1,do but this,1,but this is,1,this is for,1,is for me,1,oh sure and,1,sure and while,1,and while im,1,while im making,1,im making food,1,i do but this,1,do but this is,1,but this is for,1,this is for me,1,oh sure and while,1,sure and while im,1,and while im making,1,while im making food,1,im making food for,1,making food for everyone,1,i do but this is,1,do but this is for,1,but this is for me,1,oh sure and while im,1,sure and while im making,1,and while im making food,1,while im making food for,1,im making food for everyone,1,making food for everyone who,1,food for everyone who takes,1
leonard,jacob,2,live,2,body,2,eternity,2,sometimes,2,merry,1,christmas,1,son,1,puts,1,arm,1,no no no,2,sometimes from a,2,merry christmas son,1,puts an arm,1,an arm around,1,arm around jacobs,1,around jacobs shoulders,1,jacobs shoulders the,1,shoulders the way,1,the way we,1,puts an arm around,1,an arm around jacobs,1,arm around jacobs shoulders,1,around jacobs shoulders the,1,jacobs shoulders the way,1,shoulders the way we,1,the way we see,1,way we see it,1,we see it hes,1,see it hes a,1,puts an arm around jacobs,1,an arm around jacobs shoulders,1,arm around jacobs shoulders the,1,around jacobs shoulders the way,1,jacobs shoulders the way we,1,shoulders the way we see,1,the way we see it,1,way we see it hes,1,we see it hes a,1,see it hes a part,1
lighthouse keeper,jacey,5,her,4,youre,4,want,4,take,3,fade,3,blane,3,dont,3,need,3,only,2,i want you,2,want you out,2,i take no,1,take no part,1,no part in,1,part in the,1,in the festival,1,the festival if,1,festival if you,1,if you desire,1,i want you out,2,i take no part,1,take no part in,1,no part in the,1,part in the festival,1,in the festival if,1,the festival if you,1,festival if you desire,1,if you desire to,1,you desire to kill,1,i take no part in,1,take no part in the,1,no part in the festival,1,part in the festival if,1,in the festival if you,1,the festival if you desire,1,festival if you desire to,1,if you desire to kill,1,you desire to kill me,1,desire to kill me i,1
lizard morty,guess,2,wish,2,necklace,2,glasses,2,wont,1,seein,1,other,1,after,1,huh,1,not,1,guess we wont,1,we wont be,1,wont be seein,1,be seein each,1,seein each other,1,each other after,1,other after this,1,after this huh,1,if were not,1,were not here,1,guess we wont be,1,we wont be seein,1,wont be seein each,1,be seein each other,1,seein each other after,1,each other after this,1,other after this huh,1,if were not here,1,were not here for,1,not here for graduation,1,guess we wont be seein,1,we wont be seein each,1,wont be seein each other,1,be seein each other after,1,seein each other after this,1,each other after this huh,1,if were not here for,1,were not here for graduation,1,not here for graduation our,1,here for graduation our butts,1
lucy,going,5,jerry,4,cape,3,fear,3,get,2,yes,2,ive,2,jacks,2,their,2,draw,2,then youre going,2,youre going to,2,im going to,2,i uh i,1,uh i could,1,i could get,1,could get into,1,get into trouble,1,oh yes ive,1,yes ive worked,1,then youre going to,2,i uh i could,1,uh i could get,1,i could get into,1,could get into trouble,1,oh yes ive worked,1,yes ive worked here,1,ive worked here since,1,worked here since it,1,here since it opened,1,i uh i could get,1,uh i could get into,1,i could get into trouble,1,oh yes ive worked here,1,yes ive worked here since,1,ive worked here since it,1,worked here since it opened,1,here since it opened but,1,since it opened but ive,1,it opened but ive never,1
man,food,4,golf,3,hey,2,easy,2,hard,2,hello,2,better,2,ey,2,ill,2,get,2,golf is hard,2,better than me,2,hey golf is,1,golf is easy,1,is easy now,1,aahh golf is,1,is hard again,1,hard again golf,1,again golf is,1,is hard agaaaaaaain,1,hey golf is easy,1,golf is easy now,1,aahh golf is hard,1,golf is hard again,1,is hard again golf,1,hard again golf is,1,again golf is hard,1,golf is hard agaaaaaaain,1,hey excuse me hello,1,what you think youre,1,hey golf is easy now,1,aahh golf is hard again,1,golf is hard again golf,1,is hard again golf is,1,hard again golf is hard,1,again golf is hard agaaaaaaain,1,what you think youre better,1,you think youre better than,1,think youre better than me,1,youre better than me nobodys,1
mechanical morty,geez,4,want,4,aw,3,alive,3,stuff,2,kind,2,quote,2,mode,2,mom,2,happy,2,i want to,4,aw geez im,1,geez im so,1,im so down,1,so down with,1,down with my,1,with my parents,1,my parents divorce,1,parents divorce dawg,1,divorce dawg like,1,aw geez im so,1,geez im so down,1,im so down with,1,so down with my,1,down with my parents,1,with my parents divorce,1,my parents divorce dawg,1,parents divorce dawg like,1,divorce dawg like dont,1,dawg like dont even,1,aw geez im so down,1,geez im so down with,1,im so down with my,1,so down with my parents,1,down with my parents divorce,1,with my parents divorce dawg,1,my parents divorce dawg like,1,parents divorce dawg like dont,1,divorce dawg like dont even,1,dawg like dont even trip,1
mechanical summer,totally,3,am,2,summer,1,deal,1,fine,1,benefits,1,about,1,food,1,emotional,1,nourishment,1,i am summer,1,my deal is,1,deal is that,1,is that i,1,that i am,1,i am like,1,am like totally,1,like totally fine,1,its benefits are,1,benefits are totally,1,my deal is that,1,deal is that i,1,is that i am,1,that i am like,1,i am like totally,1,am like totally fine,1,its benefits are totally,1,benefits are totally like,1,are totally like less,1,totally like less about,1,my deal is that i,1,deal is that i am,1,is that i am like,1,that i am like totally,1,i am like totally fine,1,its benefits are totally like,1,benefits are totally like less,1,are totally like less about,1,totally like less about the,1,like less about the food,1
meeseeks,meeseeks,7,jerry,5,mr,4,look,3,followthrough,3,done,2,ooh,2,okay,2,got,2,come,2,im mr meeseeks,4,look at me,3,mr meeseeks look,2,meeseeks look at,2,you got to,2,okay jerry you,1,jerry you got,1,got to just,1,to just choke,1,just choke up,1,im mr meeseeks look,2,mr meeseeks look at,2,meeseeks look at me,2,okay jerry you got,1,jerry you got to,1,you got to just,1,got to just choke,1,to just choke up,1,just choke up on,1,choke up on the,1,im mr meeseeks look at,2,mr meeseeks look at me,2,okay jerry you got to,1,jerry you got to just,1,you got to just choke,1,got to just choke up,1,to just choke up on,1,just choke up on the,1,choke up on the club,1,aww come on jerry weve,1
meeseeks *,roped,6,well,6,meeseeks,2,one,2,want,1,die,1,even,1,rope,1,cause,1,him,1,me into this,7,roped me into,6,he roped me,5,well he roped,2,we all want,1,all want to,1,want to die,1,to die were,1,die were meeseeks,1,were meeseeks why,1,roped me into this,6,he roped me into,5,well he roped me,2,we all want to,1,all want to die,1,want to die were,1,to die were meeseeks,1,die were meeseeks why,1,were meeseeks why did,1,meeseeks why did you,1,he roped me into this,5,well he roped me into,2,we all want to die,1,all want to die were,1,want to die were meeseeks,1,to die were meeseeks why,1,die were meeseeks why did,1,were meeseeks why did you,1,meeseeks why did you even,1,why did you even rope,1
meeseeks 3,meeseeks,6,mr,5,jerry,3,look,3,ooh,2,try,2,help,2,two,2,trying,2,hey,1,im mr meeseeks,4,look at me,3,mr meeseeks look,2,meeseeks look at,2,hey there im,1,there im mr,1,ooh yeah can,1,yeah can do,1,remember to square,1,to square your,1,im mr meeseeks look,2,mr meeseeks look at,2,meeseeks look at me,2,hey there im mr,1,there im mr meeseeks,1,ooh yeah can do,1,remember to square your,1,to square your shoulders,1,square your shoulders jerry,1,thats okay im mr,1,im mr meeseeks look at,2,mr meeseeks look at me,2,hey there im mr meeseeks,1,remember to square your shoulders,1,to square your shoulders jerry,1,thats okay im mr meeseeks,1,okay im mr meeseeks look,1,meeseeks look at me try,1,look at me try again,1,at me try again and,1
million ants,sense,4,ants,3,not,3,one,2,million,2,man,2,insecurity,1,aah,1,gun,1,turret,1,i sense insecurity,1,aah gun turret,1,yes i only,1,i only lost,1,only lost 400,1,lost 400 ants,1,400 ants my,1,ants my queen,1,my queen is,1,queen is laying,1,yes i only lost,1,i only lost 400,1,only lost 400 ants,1,lost 400 ants my,1,400 ants my queen,1,ants my queen is,1,my queen is laying,1,queen is laying more,1,is laying more i,1,laying more i am,1,yes i only lost 400,1,i only lost 400 ants,1,only lost 400 ants my,1,lost 400 ants my queen,1,400 ants my queen is,1,ants my queen is laying,1,my queen is laying more,1,queen is laying more i,1,is laying more i am,1,laying more i am back,1
morty,rick,295,know,173,oh,142,not,76,dont,73,get,68,about,68,right,67,gonna,63,okay,61,oh my god,22,what the hell,18,what are you,16,you know i,13,you know what,12,you talking about,10,are you doing,9,are you talking,9,out of here,8,you got to,8,are you talking about,9,what are you doing,7,what are you talking,7,you know i mean,6,you want me to,5,i mean you know,5,are we gonna do,4,i dont want to,4,are you kidding me,4,can you help me,3,what are you talking about,7,are you talking about rick,3,why are you doing this,2,can you help me get,2,need to get to the,2,you sold a gun to,2,sold a gun to a,2,what the hell was that,2,what are we gonna do,2,are we gonna do rick,2
morty 1,am,2,man,2,say,2,think,1,lets,1,see,1,needs,1,help,1,mean,1,clean,1,am i me,1,i me i,1,me i think,1,i think so,1,lets see if,1,see if he,1,if he needs,1,he needs help,1,what do you,1,do you mean,1,am i me i,1,i me i think,1,me i think so,1,lets see if he,1,see if he needs,1,if he needs help,1,what do you mean,1,and you did it,1,you did it so,1,did it so you,1,am i me i think,1,i me i think so,1,lets see if he needs,1,see if he needs help,1,and you did it so,1,you did it so you,1,did it so you could,1,it so you could clean,1,so you could clean the,1,you could clean the house,1
morty 2,man,3,mean,2,youre,2,ow,2,geez,2,mortytown,2,locos,2,aam,1,talking,1,right,1,the mortytown locos,2,aam i talking,1,i talking right,1,talking right now,1,what do you,1,do you mean,1,you mean youre,1,mean youre gonna,1,youre gonna help,1,gonna help him,1,aam i talking right,1,i talking right now,1,what do you mean,1,do you mean youre,1,you mean youre gonna,1,mean youre gonna help,1,youre gonna help him,1,and you did it,1,you did it so,1,did it so you,1,aam i talking right now,1,what do you mean youre,1,do you mean youre gonna,1,you mean youre gonna help,1,mean youre gonna help him,1,and you did it so,1,you did it so you,1,did it so you could,1,it so you could clean,1,so you could clean the,1
morty 30,ooh,3,rick,2,latch,2,broken,2,wont,2,collar,1,oh,1,closed,1,around,1,neck,1,the collar oh,1,collar oh the,1,oh the latch,1,the latch is,1,latch is broken,1,is broken it,1,broken it wont,1,it wont latch,1,wont latch closed,1,latch closed around,1,the collar oh the,1,collar oh the latch,1,oh the latch is,1,the latch is broken,1,latch is broken it,1,is broken it wont,1,broken it wont latch,1,it wont latch closed,1,wont latch closed around,1,latch closed around my,1,the collar oh the latch,1,collar oh the latch is,1,oh the latch is broken,1,the latch is broken it,1,latch is broken it wont,1,is broken it wont latch,1,broken it wont latch closed,1,it wont latch closed around,1,wont latch closed around my,1,latch closed around my neck,1
morty jr,about,4,daddy,3,thats,3,want,3,domination,2,id,2,dance,2,go,2,outside,2,love,2,i want to,2,this is for,1,is for you,1,for you daddy,1,youre silly daddy,1,id like to,1,like to dance,1,to dance on,1,dance on the,1,on the graves,1,this is for you,1,is for you daddy,1,id like to dance,1,like to dance on,1,to dance on the,1,dance on the graves,1,on the graves of,1,the graves of my,1,graves of my enemies,1,daddy can i go,1,this is for you daddy,1,id like to dance on,1,like to dance on the,1,to dance on the graves,1,dance on the graves of,1,on the graves of my,1,the graves of my enemies,1,daddy can i go outside,1,but thats where all the,1,thats where all the people,1
mr president,yes,5,oh,4,never,3,clothes,3,too,2,morty,2,one,2,got,2,thats,2,two,2,the two of,2,two of you,2,yes yes yes,2,too busy morty,1,busy morty now,1,morty now tell,1,now tell me,1,tell me about,1,me about this,1,about this summit,1,the two of you,2,too busy morty now,1,busy morty now tell,1,morty now tell me,1,now tell me about,1,tell me about this,1,me about this summit,1,about this summit is,1,this summit is it,1,summit is it a,1,too busy morty now tell,1,busy morty now tell me,1,morty now tell me about,1,now tell me about this,1,tell me about this summit,1,me about this summit is,1,about this summit is it,1,this summit is it a,1,summit is it a peace,1,is it a peace one,1
mr. beauregard,master,3,rick,2,after,1,due,1,consideration,1,elected,1,not,1,retire,1,believe,1,someone,1,after due consideration,1,due consideration i,1,consideration i have,1,i have elected,1,have elected not,1,elected not to,1,not to retire,1,now i believe,1,i believe someone,1,believe someone has,1,after due consideration i,1,due consideration i have,1,consideration i have elected,1,i have elected not,1,have elected not to,1,elected not to retire,1,now i believe someone,1,i believe someone has,1,believe someone has a,1,someone has a final,1,after due consideration i have,1,due consideration i have elected,1,consideration i have elected not,1,i have elected not to,1,have elected not to retire,1,now i believe someone has,1,i believe someone has a,1,believe someone has a final,1,someone has a final exam,1,has a final exam to,1
mr. goldenfold,morty,8,get,5,heads,4,two,4,know,4,thats,4,math,3,family,3,oh,3,too,3,5 x 9,3,the smith family,2,who can tell,2,can tell me,2,some of yall,2,x 9 is,2,scary stuff huh,1,stuff huh pretty,1,huh pretty freaky,1,pretty freaky hi,1,who can tell me,2,5 x 9 is,2,scary stuff huh pretty,1,stuff huh pretty freaky,1,huh pretty freaky hi,1,pretty freaky hi im,1,freaky hi im mortys,1,hi im mortys math,1,im mortys math teacher,1,mortys math teacher im,1,scary stuff huh pretty freaky,1,stuff huh pretty freaky hi,1,huh pretty freaky hi im,1,pretty freaky hi im mortys,1,freaky hi im mortys math,1,hi im mortys math teacher,1,im mortys math teacher im,1,mortys math teacher im also,1,math teacher im also part,1,teacher im also part of,1
mr. jelly bean,today,1,mr,1,jelly,1,bean,1,nice,1,fun,1,adventure,1,well,1,isnt,1,adventures,1,how are you,1,are you today,1,you today im,1,today im mr,1,im mr jelly,1,mr jelly bean,1,nice is it,1,is it a,1,it a fun,1,a fun adventure,1,how are you today,1,are you today im,1,you today im mr,1,today im mr jelly,1,im mr jelly bean,1,nice is it a,1,is it a fun,1,it a fun adventure,1,well isnt that what,1,isnt that what adventures,1,how are you today im,1,are you today im mr,1,you today im mr jelly,1,today im mr jelly bean,1,nice is it a fun,1,is it a fun adventure,1,well isnt that what adventures,1,isnt that what adventures do,1,uhh no stay go with,1,no stay go with the,1
mr. marklevitz,yes,10,snaps,9,fingers,9,youre,1,fired,1,well,1,terrible,1,simulation,1,get,1,man,1,snaps fingers yes,9,well then it,1,then it was,1,it was a,1,was a terrible,1,a terrible simulation,1,terrible simulation get,1,simulation get out,1,man how does,1,how does a,1,well then it was,1,then it was a,1,it was a terrible,1,was a terrible simulation,1,a terrible simulation get,1,terrible simulation get out,1,man how does a,1,how does a guy,1,does a guy like,1,a guy like that,1,well then it was a,1,then it was a terrible,1,it was a terrible simulation,1,was a terrible simulation get,1,a terrible simulation get out,1,man how does a guy,1,how does a guy like,1,does a guy like that,1,a guy like that go,1,guy like that go home,1
mr. poopybutthole,oh,8,beth,4,think,4,gonna,4,huh,3,oohwhee,3,get,3,whoowhee,3,rick,3,ooh,3,you think the,2,whoowhee you think,2,hoowhee what a,1,what a cliffhanger,1,a cliffhanger oh,1,cliffhanger oh boy,1,oh boy oh,1,boy oh my,1,oh my thats,1,my thats a,1,hoowhee what a cliffhanger,1,what a cliffhanger oh,1,a cliffhanger oh boy,1,cliffhanger oh boy oh,1,oh boy oh my,1,boy oh my thats,1,oh my thats a,1,my thats a reak,1,thats a reak crazy,1,a reak crazy ending,1,hoowhee what a cliffhanger oh,1,what a cliffhanger oh boy,1,a cliffhanger oh boy oh,1,cliffhanger oh boy oh my,1,oh boy oh my thats,1,boy oh my thats a,1,oh my thats a reak,1,my thats a reak crazy,1,thats a reak crazy ending,1,a reak crazy ending huh,1
mr.president,zeep,4,rick,2,our,2,alien,2,source,2,energy,2,fuck,2,friend,1,thats,1,correct,1,rick our alien,1,our alien friend,1,thats correct weve,1,correct weve evolved,1,weve evolved our,1,evolved our most,1,our most brilliant,1,most brilliant scientist,1,brilliant scientist zeep,1,scientist zeep xanflorp,1,rick our alien friend,1,thats correct weve evolved,1,correct weve evolved our,1,weve evolved our most,1,evolved our most brilliant,1,our most brilliant scientist,1,most brilliant scientist zeep,1,brilliant scientist zeep xanflorp,1,scientist zeep xanflorp has,1,zeep xanflorp has developed,1,thats correct weve evolved our,1,correct weve evolved our most,1,weve evolved our most brilliant,1,evolved our most brilliant scientist,1,our most brilliant scientist zeep,1,most brilliant scientist zeep xanflorp,1,brilliant scientist zeep xanflorp has,1,scientist zeep xanflorp has developed,1,zeep xanflorp has developed a,1,xanflorp has developed a source,1
mrs. pancakes,know,5,dont,4,wheat,2,thins,2,oh,1,think,1,youve,1,enough,1,sir,1,didnt,1,you dont know,4,dont know me,3,you do know,1,do know me,1,wheat thins wheat,1,thins wheat thins,1,oh i think,1,i think youve,1,think youve had,1,youve had enough,1,you dont know me,3,you do know me,1,wheat thins wheat thins,1,oh i think youve,1,i think youve had,1,think youve had enough,1,youve had enough sir,1,you better stop with,1,better stop with that,1,hey you dont know,1,oh i think youve had,1,i think youve had enough,1,think youve had enough sir,1,you better stop with that,1,hey you dont know me,1,,0,,0,,0,,0,,0
narrator,simple,7,rick,5,his,4,come,4,home,4,ricks,3,wafer,3,theres,2,captured,2,flavor,2,come home to,4,theres a rick,2,we captured that,2,home to the,2,home to simple,2,sixteen iterations off,1,iterations off the,1,off the central,1,the central finite,1,central finite curve,1,come home to the,2,come home to simple,2,sixteen iterations off the,1,iterations off the central,1,off the central finite,1,the central finite curve,1,central finite curve theres,1,finite curve theres a,1,curve theres a rick,1,theres a rick that,1,sixteen iterations off the central,1,iterations off the central finite,1,off the central finite curve,1,the central finite curve theres,1,central finite curve theres a,1,finite curve theres a rick,1,curve theres a rick that,1,theres a rick that works,1,a rick that works more,1,rick that works more with,1
nathan,launch,4,mr,3,nuclear,3,president,2,heads,2,enough,2,option,2,one,2,tried,1,sending,1,the nuclear option,2,have you tried,1,you tried sending,1,tried sending it,1,sending it launch,1,it launch codes,1,launch codes mr,1,codes mr president,1,mr president what,1,president what americas,1,have you tried sending,1,you tried sending it,1,tried sending it launch,1,sending it launch codes,1,it launch codes mr,1,launch codes mr president,1,codes mr president what,1,mr president what americas,1,president what americas got,1,what americas got is,1,have you tried sending it,1,you tried sending it launch,1,tried sending it launch codes,1,sending it launch codes mr,1,it launch codes mr president,1,launch codes mr president what,1,codes mr president what americas,1,mr president what americas got,1,president what americas got is,1,what americas got is 70000,1
needful,business,5,devil,5,rick,3,desire,3,summer,3,people,3,thats,3,okay,3,ive,2,mr,2,what do you,2,do you desire,2,a price for,2,price for everything,2,im the devil,2,ive just recently,1,just recently opened,1,recently opened for,1,opened for business,1,for business mr,1,what do you desire,2,a price for everything,2,ive just recently opened,1,just recently opened for,1,recently opened for business,1,opened for business mr,1,for business mr um,1,business mr um goldenfold,1,i also know you,1,also know you long,1,ive just recently opened for,1,just recently opened for business,1,recently opened for business mr,1,opened for business mr um,1,for business mr um goldenfold,1,i also know you long,1,also know you long for,1,know you long for female,1,you long for female company,1,this aftershave makes a man,1
negotiator rick,rick,4,know,2,okay,2,portal,2,j22,2,headgear,2,simple,2,through,1,megaphone,1,feel,1,no no no,2,through megaphone we,1,megaphone we know,1,we know how,1,know how you,1,how you feel,1,you feel were,1,feel were working,1,were working stiff,1,working stiff ricks,1,through megaphone we know,1,megaphone we know how,1,we know how you,1,know how you feel,1,how you feel were,1,you feel were working,1,feel were working stiff,1,were working stiff ricks,1,working stiff ricks just,1,stiff ricks just like,1,through megaphone we know how,1,megaphone we know how you,1,we know how you feel,1,know how you feel were,1,how you feel were working,1,you feel were working stiff,1,feel were working stiff ricks,1,were working stiff ricks just,1,working stiff ricks just like,1,stiff ricks just like you,1
nicky,walkin,3,hey,3,get,2,back,2,brooklyn,2,got,2,somebody,1,call,1,repairs,1,cousin,1,im walkin here,2,back in brooklyn,2,we got a,2,somebody call for,1,call for repairs,1,its me cousin,1,me cousin nicky,1,cousin nicky im,1,nicky im walkin,1,walkin here i,1,somebody call for repairs,1,its me cousin nicky,1,me cousin nicky im,1,cousin nicky im walkin,1,nicky im walkin here,1,im walkin here i,1,walkin here i mean,1,here i mean im,1,i mean im not,1,mean im not im,1,its me cousin nicky im,1,me cousin nicky im walkin,1,cousin nicky im walkin here,1,nicky im walkin here i,1,im walkin here i mean,1,walkin here i mean im,1,here i mean im not,1,i mean im not im,1,mean im not im crouched,1,im not im crouched in,1
other jerry,come,1,find,1,beeeth,1,way,1,hahaha,1,oh,1,place,1,great,1,suddenly,1,serious,1,come find me,1,out of my,1,of my way,1,hahaha oh this,1,oh this place,1,this place is,1,place is great,1,suddenly serious you,1,serious you just,1,you just might,1,out of my way,1,hahaha oh this place,1,oh this place is,1,this place is great,1,suddenly serious you just,1,serious you just might,1,these are the jerrys,1,are the jerrys whose,1,the jerrys whose ricks,1,jerrys whose ricks and,1,hahaha oh this place is,1,oh this place is great,1,suddenly serious you just might,1,these are the jerrys whose,1,are the jerrys whose ricks,1,the jerrys whose ricks and,1,jerrys whose ricks and mortys,1,whose ricks and mortys never,1,ricks and mortys never came,1,and mortys never came back,1
pencilvester,rick,10,everybody,2,overreact,2,right,1,use,1,makes,1,mistakes,1,think,1,one,1,these,1,rick rick rick,2,right here rick,1,here rick use,1,rick use me,1,everybody makes mistakes,1,makes mistakes rick,1,mistakes rick why,1,rick why do,1,why do you,1,do you think,1,right here rick use,1,here rick use me,1,everybody makes mistakes rick,1,makes mistakes rick why,1,mistakes rick why do,1,rick why do you,1,why do you think,1,do you think i,1,you think i have,1,think i have one,1,right here rick use me,1,everybody makes mistakes rick why,1,makes mistakes rick why do,1,mistakes rick why do you,1,rick why do you think,1,why do you think i,1,do you think i have,1,you think i have one,1,think i have one of,1,i have one of these,1
pickle rick,oh,19,whoa,15,pickle,14,morty,13,come,13,know,11,not,10,dont,10,uh,8,because,7,im a pickle,7,whoa whoa whoa,5,im not a,3,come on come,3,on come on,3,flip the pickle,2,a pickle im,2,they could which,2,could which they,2,which they cant,2,come on come on,3,im a pickle im,2,they could which they,2,could which they cant,2,are you doing there,2,im not a snake,2,the sooner i can,2,can go back to,2,morty the garage morty,1,the garage morty come,1,they could which they cant,2,morty the garage morty come,1,the garage morty come to,1,garage morty come to the,1,morty come to the garage,1,on my work bench morty,1,come on flip the pickle,1,on flip the pickle morty,1,flip the pickle morty youre,1,the pickle morty youre not,1
poncho,get,3,hey,2,kid,2,gun,2,people,2,answer,1,come,1,doc,1,news,1,ya,1,who are you,1,are you answer,1,you answer me,1,answer me where,1,me where did,1,where did you,1,did you come,1,you come from,1,hey doc i,1,doc i have,1,who are you answer,1,are you answer me,1,you answer me where,1,answer me where did,1,me where did you,1,where did you come,1,did you come from,1,hey doc i have,1,doc i have news,1,i have news for,1,who are you answer me,1,are you answer me where,1,you answer me where did,1,answer me where did you,1,me where did you come,1,where did you come from,1,hey doc i have news,1,doc i have news for,1,i have news for ya,1,have news for ya your,1
president,morty,11,get,9,rick,9,them,8,need,6,god,6,youre,6,people,5,right,5,dont,4,rick and morty,7,god damn it,4,what the hell,2,you need to,2,task force alpha,2,what what what,2,the white house,2,out of my,2,of my office,2,you cant leave,2,out of my office,2,gentlemen gentlemen one at,1,gentlemen one at a,1,one at a time,1,at a time simon,1,stand down everybody stand,1,down everybody stand down,1,everybody stand down im,1,stand down im the,1,down im the leader,1,gentlemen gentlemen one at a,1,gentlemen one at a time,1,one at a time simon,1,stand down everybody stand down,1,down everybody stand down im,1,everybody stand down im the,1,stand down im the leader,1,down im the leader of,1,im the leader of these,1,the leader of these people,1
president morty,rick,2,good,2,time,2,speech,2,sinister,2,about,2,problem,1,barber,1,uh,1,little,1,its no problem,1,no problem to,1,problem to barber,1,to barber rick,1,barber rick uh,1,rick uh a,1,uh a little,1,a little more,1,little more off,1,more off the,1,its no problem to,1,no problem to barber,1,problem to barber rick,1,to barber rick uh,1,barber rick uh a,1,rick uh a little,1,uh a little more,1,a little more off,1,little more off the,1,more off the top,1,its no problem to barber,1,no problem to barber rick,1,problem to barber rick uh,1,to barber rick uh a,1,barber rick uh a little,1,rick uh a little more,1,uh a little more off,1,a little more off the,1,little more off the top,1,more off the top continues,1
prince nebulon,oh,9,well,5,rick,5,youre,5,simulation,5,his,4,okay,3,still,3,too,3,not,2,youre inside a,2,concentrated dark matter,2,we do now,2,well check every,1,check every five,1,every five quintons,1,five quintons and,1,quintons and tell,1,and tell me,1,tell me when,1,well check every five,1,check every five quintons,1,every five quintons and,1,five quintons and tell,1,quintons and tell me,1,and tell me when,1,tell me when theyre,1,me when theyre not,1,if theres a wiener,1,theres a wiener on,1,well check every five quintons,1,check every five quintons and,1,every five quintons and tell,1,five quintons and tell me,1,quintons and tell me when,1,and tell me when theyre,1,tell me when theyre not,1,if theres a wiener on,1,theres a wiener on that,1,a wiener on that monitor,1
principal vagina,head,6,not,5,dont,5,vagina,4,di,4,our,4,headward,4,free,4,rise,4,moon,4,headward free now,4,free now to,4,now to rise,4,giant head in,2,head in the,2,in the sky,2,di di di,2,to rise headward,2,rise headward free,2,flu season dance,2,headward free now to,4,free now to rise,4,giant head in the,2,head in the sky,2,now to rise headward,2,to rise headward free,2,rise headward free now,2,hi principal vagina the,1,principal vagina the names,1,vagina the names real,1,headward free now to rise,4,giant head in the sky,2,free now to rise headward,2,now to rise headward free,2,to rise headward free now,2,rise headward free now to,2,hi principal vagina the names,1,principal vagina the names real,1,vagina the names real possibly,1,the names real possibly scandinavian,1
reporter,tom,3,appears,2,go,2,please,2,reports,1,country,1,about,1,giant,1,naked,1,man,1,reports from all,1,from all over,1,all over the,1,over the country,1,the country about,1,country about what,1,about what appears,1,what appears to,1,appears to be,1,to be a,1,reports from all over,1,from all over the,1,all over the country,1,over the country about,1,the country about what,1,country about what appears,1,about what appears to,1,what appears to be,1,appears to be a,1,to be a giant,1,reports from all over the,1,from all over the country,1,all over the country about,1,over the country about what,1,the country about what appears,1,country about what appears to,1,about what appears to be,1,what appears to be a,1,appears to be a giant,1,to be a giant naked,1
rick,morty,634,dont,174,know,167,oh,164,youre,158,yeah,150,get,148,right,148,gonna,128,not,127,what are you,18,i dont know,18,you know what,17,a bunch of,16,come on morty,16,what do you,15,oh my god,14,get out of,14,out of here,14,it feels good,13,get out of here,9,what are you doing,6,all right all right,6,what do you think,5,dont worry about it,5,worry about it morty,5,you dont have to,5,we got to get,5,a little bit of,5,i dont want to,4,lets get out of here,4,dont worry about it morty,4,how do you like that,4,to get out of here,3,got a surprise for you,3,get the hell out of,3,the hell out of here,3,i dont give a fuck,3,you know what im talking,2,know what im talking about,2
rick 1,oh,4,know,4,rick,4,dont,3,ricks,3,council,3,jerry,3,right,3,us,3,red,3,i dont know,2,dont know what,2,know what to,2,what to do,2,council of ricks,2,and away we,1,away we go,1,huh thats weird,1,thats weird oh,1,weird oh my,1,i dont know what,2,dont know what to,2,know what to do,2,and away we go,1,huh thats weird oh,1,thats weird oh my,1,weird oh my god,1,the son of a,1,son of a bitch,1,of a bitch is,1,i dont know what to,2,dont know what to do,2,huh thats weird oh my,1,thats weird oh my god,1,the son of a bitch,1,son of a bitch is,1,of a bitch is gonna,1,a bitch is gonna kill,1,bitch is gonna kill me,1,i told you hes a,1
rick 2,got,2,go,2,whats,1,something,1,say,1,away,1,huh,1,thats,1,weird,1,oh,1,whats that you,1,that you got,1,you got something,1,got something to,1,something to say,1,and away we,1,away we go,1,we go huh,1,go huh thats,1,huh thats weird,1,whats that you got,1,that you got something,1,you got something to,1,got something to say,1,and away we go,1,away we go huh,1,we go huh thats,1,go huh thats weird,1,the son of a,1,son of a bitch,1,whats that you got something,1,that you got something to,1,you got something to say,1,and away we go huh,1,away we go huh thats,1,we go huh thats weird,1,the son of a bitch,1,son of a bitch is,1,of a bitch is gonna,1,a bitch is gonna kill,1
rick 30,god,5,not,4,morty,3,okay,3,oh,3,please,3,collar,2,fix,2,yes,2,whats,1,okay with this,3,not okay with,2,whats goin on,1,what are you,1,are you talking,1,you talking about,1,talking about its,1,about its not,1,its not broken,1,not broken morty,1,not okay with this,2,what are you talking,1,are you talking about,1,you talking about its,1,talking about its not,1,about its not broken,1,its not broken morty,1,not broken morty i,1,broken morty i fixed,1,morty i fixed it,1,what are you talking about,1,are you talking about its,1,you talking about its not,1,talking about its not broken,1,about its not broken morty,1,its not broken morty i,1,not broken morty i fixed,1,broken morty i fixed it,1,morty i fixed it just,1,i fixed it just put,1
rick council 1,ricks,3,timelines,2,earth,2,rick,2,c137,2,council,2,bring,1,holograms,1,twentyseven,1,brutally,1,earth rick c137,2,bring up the,1,up the holograms,1,twentyseven ricks brutally,1,ricks brutally murdered,1,brutally murdered in,1,murdered in their,1,in their own,1,their own timelines,1,own timelines an,1,bring up the holograms,1,twentyseven ricks brutally murdered,1,ricks brutally murdered in,1,brutally murdered in their,1,murdered in their own,1,in their own timelines,1,their own timelines an,1,own timelines an unprecedented,1,timelines an unprecedented rickicidal,1,an unprecedented rickicidal epidemic,1,twentyseven ricks brutally murdered in,1,ricks brutally murdered in their,1,brutally murdered in their own,1,murdered in their own timelines,1,in their own timelines an,1,their own timelines an unprecedented,1,own timelines an unprecedented rickicidal,1,timelines an unprecedented rickicidal epidemic,1,an unprecedented rickicidal epidemic what,1,unprecedented rickicidal epidemic what say,1
rick d716,rick,3,morty,2,d716,1,coming,1,gravity,1,outages,1,east,1,sanchez,1,heights,1,those,1,and im rick,1,im rick d716,1,coming up gravity,1,up gravity outages,1,gravity outages in,1,outages in east,1,in east sanchez,1,east sanchez heights,1,those stories and,1,stories and more,1,and im rick d716,1,coming up gravity outages,1,up gravity outages in,1,gravity outages in east,1,outages in east sanchez,1,in east sanchez heights,1,those stories and more,1,stories and more after,1,and more after this,1,more after this break,1,coming up gravity outages in,1,up gravity outages in east,1,gravity outages in east sanchez,1,outages in east sanchez heights,1,those stories and more after,1,stories and more after this,1,and more after this break,1,just one day remains before,1,one day remains before our,1,day remains before our newly,1
rick d716-b,good,1,morning,1,rick,1,d716b,1,nice,1,uraniumpowered,1,cellular,1,matrix,1,making,1,sick,1,good morning im,1,morning im rick,1,im rick d716b,1,must be nice,1,and is your,1,is your uraniumpowered,1,your uraniumpowered cellular,1,uraniumpowered cellular matrix,1,cellular matrix making,1,matrix making you,1,good morning im rick,1,morning im rick d716b,1,and is your uraniumpowered,1,is your uraniumpowered cellular,1,your uraniumpowered cellular matrix,1,uraniumpowered cellular matrix making,1,cellular matrix making you,1,matrix making you sick,1,making you sick the,1,you sick the answer,1,good morning im rick d716b,1,and is your uraniumpowered cellular,1,is your uraniumpowered cellular matrix,1,your uraniumpowered cellular matrix making,1,uraniumpowered cellular matrix making you,1,cellular matrix making you sick,1,matrix making you sick the,1,making you sick the answer,1,you sick the answer may,1,sick the answer may not,1
rick j-22,rick,4,us,3,get,2,portal,2,going,2,holy,1,shit,1,simple,1,life,1,lie,1,to simple rick,1,simple rick your,1,rick your life,1,your life is,1,life is a,1,is a lie,1,a lie man,1,lie man to,1,man to police,1,to police all,1,to simple rick your,1,simple rick your life,1,rick your life is,1,your life is a,1,life is a lie,1,is a lie man,1,a lie man to,1,lie man to police,1,man to police all,1,to police all your,1,to simple rick your life,1,simple rick your life is,1,rick your life is a,1,your life is a lie,1,life is a lie man,1,is a lie man to,1,a lie man to police,1,lie man to police all,1,man to police all your,1,to police all your lives,1
riq iv,rick,6,not,4,morty,4,summer,3,hes,3,her,3,him,2,because,2,lets,2,his,2,operating an unregistered,1,an unregistered portal,1,unregistered portal gun,1,portal gun radicalizing,1,gun radicalizing a,1,radicalizing a summer,1,a summer conspiring,1,summer conspiring with,1,conspiring with a,1,with a traitorous,1,operating an unregistered portal,1,an unregistered portal gun,1,unregistered portal gun radicalizing,1,portal gun radicalizing a,1,gun radicalizing a summer,1,radicalizing a summer conspiring,1,a summer conspiring with,1,summer conspiring with a,1,conspiring with a traitorous,1,with a traitorous rick,1,operating an unregistered portal gun,1,an unregistered portal gun radicalizing,1,unregistered portal gun radicalizing a,1,portal gun radicalizing a summer,1,gun radicalizing a summer conspiring,1,radicalizing a summer conspiring with,1,a summer conspiring with a,1,summer conspiring with a traitorous,1,conspiring with a traitorous rick,1,with a traitorous rick how,1
roger,go,5,run,2,got,2,left,2,others,2,foot,2,okay,2,hepatitis,1,thats,1,strange,1,go go go,2,hepatitis a run,1,thats strange taps,1,strange taps the,1,taps the meter,1,the meter air,1,meter air flow,1,air flow is,1,flow is down,1,is down twenty,1,thats strange taps the,1,strange taps the meter,1,taps the meter air,1,the meter air flow,1,meter air flow is,1,air flow is down,1,flow is down twenty,1,is down twenty percent,1,if we got up,1,we got up to,1,thats strange taps the meter,1,strange taps the meter air,1,taps the meter air flow,1,the meter air flow is,1,meter air flow is down,1,air flow is down twenty,1,flow is down twenty percent,1,if we got up to,1,we got up to the,1,got up to the bronchial,1
scary terry,bitch,9,oh,4,run,3,cant,3,hide,3,dont,3,know,3,scary,2,say,2,guys,2,you can run,3,can run but,3,run but you,3,but you cant,3,you cant hide,3,cant hide bitch,2,i know i,2,oh no im,2,welcome to your,1,to your nightmare,1,you can run but,3,can run but you,3,run but you cant,3,but you cant hide,3,you cant hide bitch,2,welcome to your nightmare,1,to your nightmare bitch,1,your nightmare bitch raaaaawwwrrr,1,im scary terry you,1,scary terry you can,1,you can run but you,3,can run but you cant,3,run but you cant hide,3,but you cant hide bitch,2,welcome to your nightmare bitch,1,to your nightmare bitch raaaaawwwrrr,1,im scary terry you can,1,scary terry you can run,1,terry you can run but,1,nothing but fear from here,1
scroopy noopers,pluto,4,planet,3,smith,2,plutonium,2,goes,2,call,2,wake,2,everyone,2,animals,2,morty,1,morty smith im,1,smith im scroopy,1,im scroopy noopers,1,scroopy noopers im,1,noopers im a,1,im a scientist,1,a scientist can,1,scientist can i,1,can i show,1,i show you,1,morty smith im scroopy,1,smith im scroopy noopers,1,im scroopy noopers im,1,scroopy noopers im a,1,noopers im a scientist,1,im a scientist can,1,a scientist can i,1,scientist can i show,1,can i show you,1,i show you something,1,morty smith im scroopy noopers,1,smith im scroopy noopers im,1,im scroopy noopers im a,1,scroopy noopers im a scientist,1,noopers im a scientist can,1,im a scientist can i,1,a scientist can i show,1,scientist can i show you,1,can i show you something,1,the centre of pluto mr,1
ship,summer,10,safe,8,keep,7,confirmed,3,am,3,not,3,ship,2,crying,2,away,2,destroy,2,keep summer safe,6,summer is safe,2,all can be,2,to destroy this,2,destroy this army,2,you have arrived,1,have arrived at,1,arrived at krombopulos,1,at krombopulos michael,1,krombopulos michael your,1,to destroy this army,2,you have arrived at,1,have arrived at krombopulos,1,arrived at krombopulos michael,1,at krombopulos michael your,1,krombopulos michael your destination,1,michael your destination is,1,your destination is below,1,confirmed ship fires a,1,ship fires a single,1,you have arrived at krombopulos,1,have arrived at krombopulos michael,1,arrived at krombopulos michael your,1,at krombopulos michael your destination,1,krombopulos michael your destination is,1,michael your destination is below,1,confirmed ship fires a single,1,ship fires a single red,1,fires a single red laser,1,a single red laser into,1
sleepy gary,jerry,5,rick,2,these,2,our,2,barbecue,2,get,2,say,2,youre,2,real,2,dont,2,were trying to,1,trying to sleep,1,thanks jerry beyond,1,jerry beyond that,1,beyond that no,1,that no offense,1,no offense to,1,offense to any,1,to any of,1,any of you,1,were trying to sleep,1,thanks jerry beyond that,1,jerry beyond that no,1,beyond that no offense,1,that no offense to,1,no offense to any,1,offense to any of,1,to any of you,1,any of you but,1,of you but all,1,thanks jerry beyond that no,1,jerry beyond that no offense,1,beyond that no offense to,1,that no offense to any,1,no offense to any of,1,offense to any of you,1,to any of you but,1,any of you but all,1,of you but all bets,1,you but all bets are,1
slick,morty,4,his,3,glasses,3,slick,3,say,2,last,2,go,2,portal,2,lizard,2,not,2,i say we,2,say we make,1,we make our,1,make our last,1,our last day,1,last day count,1,day count i,1,count i say,1,say we go,1,we go to,1,i say we make,1,say we make our,1,we make our last,1,make our last day,1,our last day count,1,last day count i,1,day count i say,1,count i say we,1,i say we go,1,say we go to,1,i say we make our,1,say we make our last,1,we make our last day,1,make our last day count,1,our last day count i,1,last day count i say,1,day count i say we,1,count i say we go,1,i say we go to,1,say we go to the,1
snuffles,snuffles,6,not,4,humans,3,testicles,3,summer,3,call,3,morty,3,make,2,understood,2,human,2,to be understood,2,where are my,2,are my testicles,2,my testicles summer,2,we are not,2,are not them,2,snuffles fix make,1,fix make better,1,make better humans,1,better humans understand,1,where are my testicles,2,are my testicles summer,2,we are not them,2,snuffles fix make better,1,fix make better humans,1,make better humans understand,1,better humans understand snuffles,1,humans understand snuffles now,1,snuffles want to be,1,want to be understood,1,where are my testicles summer,2,snuffles fix make better humans,1,fix make better humans understand,1,make better humans understand snuffles,1,better humans understand snuffles now,1,snuffles want to be understood,1,want to be understood snuffles,1,to be understood snuffles need,1,be understood snuffles need to,1,understood snuffles need to be,1
soldier,sir,2,cant,2,following,2,orders,2,about,1,space,1,car,1,wait,1,minute,1,whats,1,it cant be,2,i was just,2,was just following,2,just following orders,2,what do we,1,do we do,1,we do about,1,do about the,1,about the space,1,the space car,1,i was just following,2,was just following orders,2,what do we do,1,do we do about,1,we do about the,1,do about the space,1,about the space car,1,what wait a minute,1,whats the matter you,1,the matter you piece,1,i was just following orders,2,what do we do about,1,do we do about the,1,we do about the space,1,do about the space car,1,whats the matter you piece,1,the matter you piece of,1,matter you piece of crap,1,you piece of crap havent,1,piece of crap havent you,1
squanchy,squanch,4,hey,3,squanchy,3,rick,2,party,2,place,2,squanching,2,sanchez,1,psycho,1,bag,1,rick sanchez you,1,sanchez you psycho,1,you psycho bag,1,psycho bag of,1,bag of squanch,1,morty summer and,1,summer and you,1,and you must,1,you must be,1,must be beth,1,rick sanchez you psycho,1,sanchez you psycho bag,1,you psycho bag of,1,psycho bag of squanch,1,morty summer and you,1,summer and you must,1,and you must be,1,you must be beth,1,must be beth au,1,be beth au squanché,1,rick sanchez you psycho bag,1,sanchez you psycho bag of,1,you psycho bag of squanch,1,morty summer and you must,1,summer and you must be,1,and you must be beth,1,you must be beth au,1,must be beth au squanché,1,just stop saying it gross,1,raaoowwarr what about a taste,1
stacy,morty,2,arent,1,child,1,stacy,1,okay,1,fuck,1,id,1,stay,1,wrong,1,think,1,arent you a,1,you a child,1,okay fuck it,1,then id like,1,id like to,1,like to stay,1,is it wrong,1,it wrong if,1,wrong if i,1,if i think,1,arent you a child,1,then id like to,1,id like to stay,1,is it wrong if,1,it wrong if i,1,wrong if i think,1,if i think this,1,i think this is,1,think this is kind,1,this is kind of,1,then id like to stay,1,is it wrong if i,1,it wrong if i think,1,wrong if i think this,1,if i think this is,1,i think this is kind,1,think this is kind of,1,this is kind of hot,1,i need to hear our,1,need to hear our safe,1
summer,oh,49,grandpa,45,god,37,rick,37,youre,36,dad,33,not,30,yeah,29,dont,29,get,25,oh my god,25,i dont know,7,i want to,6,ooh ooh ooh,5,im going to,4,this is my,4,here if you,4,if you need,4,you need to,4,need to talk,4,ooh ooh ooh ooh,4,here if you need,4,if you need to,4,you need to talk,4,oh my god oh,3,im here if you,3,oh my god my,2,what are we going,2,are we going to,2,we going to do,2,here if you need to,4,if you need to talk,4,ooh ooh ooh ooh ooh,3,im here if you need,3,what are we going to,2,are we going to do,2,i dont care what you,2,oh my god oh my,2,my god oh my god,2,gross what is that thing,1
summer 1,ow,2,mean,1,morty,1,ugh,1,help,1,too,1,english,1,please,1,ouch,1,about,1,what do you,1,do you mean,1,what should we,1,should we do,1,we do morty,1,ugh i can,1,i can help,1,can help too,1,what english please,1,ow ow ouch,1,what do you mean,1,what should we do,1,should we do morty,1,ugh i can help,1,i can help too,1,me what about you,1,what about you would,1,about you would you,1,you would you get,1,would you get more,1,what should we do morty,1,ugh i can help too,1,me what about you would,1,what about you would you,1,about you would you get,1,you would you get more,1,would you get more excited,1,you get more excited to,1,get more excited to see,1,more excited to see me,1
summer 2,grampa,2,youre,2,because,2,gonna,1,help,1,talking,1,about,1,mean,1,jealous,1,want,1,what could we,1,could we do,1,im gonna help,1,gonna help grampa,1,what are you,1,are you talking,1,you talking about,1,me youre just,1,youre just as,1,just as mean,1,what could we do,1,im gonna help grampa,1,what are you talking,1,are you talking about,1,me youre just as,1,youre just as mean,1,just as mean to,1,as mean to me,1,mean to me because,1,to me because youre,1,what are you talking about,1,me youre just as mean,1,youre just as mean to,1,just as mean to me,1,as mean to me because,1,mean to me because youre,1,to me because youre jealous,1,me because youre jealous because,1,because youre jealous because you,1,youre jealous because you want,1
supernova,rick,6,dont,4,vindicators,3,hes,3,million,3,ants,3,right,3,youre,3,want,3,worldender,2,million ants and,2,vindicators worldender is,1,worldender is back,1,and this time,1,this time hes,1,time hes out,1,hes out to,1,out to end,1,to end more,1,end more than,1,vindicators worldender is back,1,and this time hes,1,this time hes out,1,time hes out to,1,hes out to end,1,out to end more,1,to end more than,1,end more than worlds,1,more than worlds we,1,than worlds we have,1,and this time hes out,1,this time hes out to,1,time hes out to end,1,hes out to end more,1,out to end more than,1,to end more than worlds,1,end more than worlds we,1,more than worlds we have,1,than worlds we have reason,1,worlds we have reason to,1
swat officer 1,hunter,6,oh,3,god,3,sorry,3,come,2,hands,2,fire,2,bomb,2,stay,2,boy,2,with your hands,2,hunter oh my,2,come out of,1,out of the,1,of the vehicle,1,the vehicle with,1,vehicle with your,1,your hands in,1,hands in the,1,in the air,1,come out of the,1,out of the vehicle,1,of the vehicle with,1,the vehicle with your,1,vehicle with your hands,1,with your hands in,1,your hands in the,1,hands in the air,1,come out with your,1,out with your hands,1,come out of the vehicle,1,out of the vehicle with,1,of the vehicle with your,1,the vehicle with your hands,1,vehicle with your hands in,1,with your hands in the,1,your hands in the air,1,come out with your hands,1,out with your hands up,1,with your hands up or,1
taddi mason,,0,,0,,0,,0,,0,,0,,0,,0,,0,,0,,0,,0,,0,,0,,0,,0,,0,,0,,0,,0,,0,,0,,0,,0,,0,,0,,0,,0,,0,,0,,0,,0,,0,,0,,0,,0,,0,,0,,0,,0
tammy,know,3,look,2,think,2,youre,2,high,2,school,2,senior,2,planet,2,earth,2,lot,2,a high school,2,high school senior,2,school senior from,2,senior from the,2,from the planet,2,the planet earth,2,in a lot,2,thank you rick,1,you rick that,1,rick that was,1,a high school senior,2,high school senior from,2,school senior from the,2,senior from the planet,2,from the planet earth,2,thank you rick that,1,you rick that was,1,rick that was beautiful,1,that was beautiful cuz,1,was beautiful cuz i,1,a high school senior from,2,high school senior from the,2,school senior from the planet,2,senior from the planet earth,2,thank you rick that was,1,you rick that was beautiful,1,rick that was beautiful cuz,1,that was beautiful cuz i,1,was beautiful cuz i look,1,beautiful cuz i look around,1
teacher rick,rick,3,new,3,morty,3,ricks,3,good,2,amusing,2,top,2,tall,2,dont,2,know,2,good idea rick,1,this is a,1,is a great,1,a great adventure,1,i love being,1,love being your,1,being your new,1,your new morty,1,very amusing mr,1,amusing mr smith,1,this is a great,1,is a great adventure,1,i love being your,1,love being your new,1,being your new morty,1,very amusing mr smith,1,amusing mr smith almost,1,mr smith almost as,1,smith almost as amusing,1,almost as amusing as,1,this is a great adventure,1,i love being your new,1,love being your new morty,1,very amusing mr smith almost,1,amusing mr smith almost as,1,mr smith almost as amusing,1,smith almost as amusing as,1,almost as amusing as when,1,as amusing as when your,1,amusing as when your first,1
testicle monster a,time,11,ass,7,man,6,ay,5,got,4,think,4,yeah,4,dont,4,fuck,3,hell,3,there he is,4,he is there,3,is there he,3,no no no,2,ey ye ey,1,ye ey quit,1,ey quit yellin,1,quit yellin quit,1,yellin quit yellin,1,what the fuck,1,there he is there,3,he is there he,3,is there he is,3,ey ye ey quit,1,ye ey quit yellin,1,ey quit yellin quit,1,quit yellin quit yellin,1,what the fuck your,1,the fuck your time,1,fuck your time is,1,there he is there he,3,he is there he is,3,is there he is there,2,ey ye ey quit yellin,1,ye ey quit yellin quit,1,ey quit yellin quit yellin,1,what the fuck your time,1,the fuck your time is,1,fuck your time is all,1,your time is all ripped,1
tom,losing,3,him,3,his,2,arent,2,okay,1,hes,1,back,1,stabilized,1,well,1,eyes,1,were losing him,2,okay hes back,1,well his eyes,1,his eyes arent,1,eyes arent twinkling,1,arent twinkling and,1,twinkling and his,1,and his dimples,1,his dimples arent,1,dimples arent merry,1,well his eyes arent,1,his eyes arent twinkling,1,eyes arent twinkling and,1,arent twinkling and his,1,twinkling and his dimples,1,and his dimples arent,1,his dimples arent merry,1,dimples arent merry but,1,arent merry but im,1,merry but im standing,1,well his eyes arent twinkling,1,his eyes arent twinkling and,1,eyes arent twinkling and his,1,arent twinkling and his dimples,1,twinkling and his dimples arent,1,and his dimples arent merry,1,his dimples arent merry but,1,dimples arent merry but im,1,arent merry but im standing,1,merry but im standing under,1
toxic morty,rick,6,oh,4,hurts,3,dont,3,want,2,ii,2,man,2,got,2,tank,2,ahh,2,i dont like,2,i got the,2,got the tank,2,ugh what happened,1,wwwere in hell,1,in hell arent,1,hell arent we,1,arent we rick,1,i believe you,1,believe you but,1,i got the tank,2,wwwere in hell arent,1,in hell arent we,1,hell arent we rick,1,i believe you but,1,believe you but i,1,you but i just,1,but i just want,1,i just want to,1,just want to die,1,wwwere in hell arent we,1,in hell arent we rick,1,i believe you but i,1,believe you but i just,1,you but i just want,1,but i just want to,1,i just want to die,1,yes rick ii agree rick,1,uh i thi think my,1,i thi think my voice,1
toxic rick,morty,15,youre,12,think,9,shit,7,right,7,not,6,little,6,fucking,6,toxic,6,gonna,6,do you think,3,could do that,2,what do you,2,you think about,2,think about that,2,this is the,2,70 years of,2,did i ask,2,i ask for,2,ask for this,2,what do you think,2,do you think about,2,you think about that,2,did i ask for,2,i ask for this,2,youre gonna get him,2,youre going in that,2,i give a shit,2,but this might do,1,this might do it,1,what do you think about,2,do you think about that,2,did i ask for this,2,but this might do it,1,this might do it run,1,might do it run morty,1,thats because youre worthless jesus,1,because youre worthless jesus how,1,youre worthless jesus how big,1,worthless jesus how big was,1
unity,cant,3,rick,2,never,2,am,2,problem,2,sure,2,species,2,know,2,aww,1,old,1,aww old man,1,old man rick,1,man rick cant,1,rick cant party,1,cant party with,1,party with the,1,with the whole,1,the whole planet,1,never unitys note,1,unitys note rick,1,aww old man rick,1,old man rick cant,1,man rick cant party,1,rick cant party with,1,cant party with the,1,party with the whole,1,with the whole planet,1,never unitys note rick,1,unitys note rick forgive,1,note rick forgive me,1,aww old man rick cant,1,old man rick cant party,1,man rick cant party with,1,rick cant party with the,1,cant party with the whole,1,party with the whole planet,1,never unitys note rick forgive,1,unitys note rick forgive me,1,note rick forgive me for,1,rick forgive me for doing,1
vance,not,6,need,3,youre,3,rick,2,thats,2,say,2,morty,2,kid,2,vindicators,2,make,2,sorry im late,1,im late it,1,late it was,1,it was happy,1,was happy hour,1,rick sanchez tinkerer,1,sanchez tinkerer of,1,tinkerer of terror,1,of terror man,1,terror man thats,1,sorry im late it,1,im late it was,1,late it was happy,1,it was happy hour,1,rick sanchez tinkerer of,1,sanchez tinkerer of terror,1,tinkerer of terror man,1,of terror man thats,1,terror man thats hard,1,man thats hard to,1,sorry im late it was,1,im late it was happy,1,late it was happy hour,1,rick sanchez tinkerer of terror,1,sanchez tinkerer of terror man,1,tinkerer of terror man thats,1,of terror man thats hard,1,terror man thats hard to,1,man thats hard to say,1,thats hard to say and,1
vet,thats,2,know,2,them,2,three,1,excuse,1,cant,1,back,1,nurse,1,horse,1,surgeon,1,three excuse me,1,excuse me you,1,me you cant,1,you cant be,1,cant be back,1,be back here,1,thats my nurse,1,my nurse and,1,nurse and as,1,and as a,1,three excuse me you,1,excuse me you cant,1,me you cant be,1,you cant be back,1,cant be back here,1,thats my nurse and,1,my nurse and as,1,nurse and as a,1,and as a horse,1,as a horse surgeon,1,three excuse me you cant,1,excuse me you cant be,1,me you cant be back,1,you cant be back here,1,thats my nurse and as,1,my nurse and as a,1,nurse and as a horse,1,and as a horse surgeon,1,as a horse surgeon im,1,a horse surgeon im sure,1
woman,systems,2,check,2,please,2,lookin,2,good,2,aah,1,temporal,1,shield,1,compromised,1,congratulations,1,temporal shield compromised,1,shield compromised congratulations,1,compromised congratulations jerry,1,congratulations jerry you,1,jerry you get,1,you get to,1,get to die,1,to die a,1,die a man,1,primary systems check,1,temporal shield compromised congratulations,1,shield compromised congratulations jerry,1,compromised congratulations jerry you,1,congratulations jerry you get,1,jerry you get to,1,you get to die,1,get to die a,1,to die a man,1,primary systems check auxiliary,1,systems check auxiliary systems,1,temporal shield compromised congratulations jerry,1,shield compromised congratulations jerry you,1,compromised congratulations jerry you get,1,congratulations jerry you get to,1,jerry you get to die,1,you get to die a,1,get to die a man,1,primary systems check auxiliary systems,1,systems check auxiliary systems check,1,check auxiliary systems check see,1
young rick,transition,2,smith,2,rick,2,gonna,2,young,2,got,2,backyard,1,sounds,1,lonely,1,eh,1,transition to smith,2,what transition to,1,to smith backyard,1,a different kind,1,different kind of,1,kind of rick,1,of rick i,1,rick i guess,1,sort of i,1,of i just,1,what transition to smith,1,transition to smith backyard,1,a different kind of,1,different kind of rick,1,kind of rick i,1,of rick i guess,1,sort of i just,1,of i just took,1,i just took a,1,just took a long,1,what transition to smith backyard,1,a different kind of rick,1,different kind of rick i,1,kind of rick i guess,1,sort of i just took,1,of i just took a,1,i just took a long,1,just took a long look,1,took a long look at,1,a long look at myself,1
zeep,youre,6,rick,5,universe,5,people,4,planet,4,crank,4,not,3,alien,3,inside,3,miniverse,3,rick the alien,2,the people of,2,people of this,2,peace among worlds,2,i said 12,1,said 12 quantum,1,12 quantum stabilizers,1,quantum stabilizers not,1,stabilizers not 11,1,not 11 fix,1,the people of this,2,i said 12 quantum,1,said 12 quantum stabilizers,1,12 quantum stabilizers not,1,quantum stabilizers not 11,1,stabilizers not 11 fix,1,not 11 fix it,1,11 fix it or,1,fix it or its,1,it or its your,1,i said 12 quantum stabilizers,1,said 12 quantum stabilizers not,1,12 quantum stabilizers not 11,1,quantum stabilizers not 11 fix,1,stabilizers not 11 fix it,1,not 11 fix it or,1,11 fix it or its,1,fix it or its your,1,it or its your ass,1,or its your ass chris,1
